season,team_id,team_name,player_id,Name,position_code,POS,PA,TB,LOB,sacBunts,SF,BABIP,XBH,HBP,gidp,gidpOpp,numP,P/PA,BB%,K%,HR/PA,BB/K,ISO,ROE,walkOffs,FO,totalSwings,swingAndMisses,BIP,popOuts,lineOuts,GO,flyHits,popHits,lineHits,groundHits,team,HR,K,BB,AB,H,HR/FB%,SwStr%,Whiff%,FB%,GB%,LD%,PopUp%,K-BB%,wOBA
2023,673.0,Aguilas de Mexicali,675455,Milan Tolentino,10,DH,33,14.0,4.0,0.0,0,0.476,4.0,0.0,0.0,2.0,126,3.818,15.2,21.2,0.0,0.714,0.143,0.0,0.0,3,51,8,21,0,3,5,0,0,6,4,MXC,0,7,5,28,10,0.0,6.3,15.7,14.3,42.9,42.9,0.0,0.06,0.446
2023,673.0,Aguilas de Mexicali,650995,Norberto Obeso,7,LF,199,64.0,55.0,2.0,1,0.394,10.0,0.0,3.0,16.0,786,3.95,18.1,12.1,0.0,1.5,0.063,2.0,1.0,17,305,45,139,4,9,55,7,1,27,19,MXC,0,24,36,160,54,0.0,5.7,14.8,17.3,53.2,25.9,3.6,-0.06,0.405
2023,673.0,Aguilas de Mexicali,433636,Hector Hernandez,X,X,4,1.0,2.0,0.0,0,0.333,0.0,0.0,0.0,1.0,14,3.5,25.0,0.0,0.0,,0.0,0.0,0.0,0,5,0,3,1,0,1,1,0,0,0,MXC,0,0,1,3,1,0.0,0.0,0.0,33.3,33.3,0.0,33.3,-0.25,0.418
2023,673.0,Aguilas de Mexicali,606143,Alejandro Mejia,3,1B,25,8.0,18.0,0.0,0,0.4,0.0,0.0,0.0,5.0,90,3.6,4.0,16.0,0.0,0.25,0.0,0.0,0.0,3,45,15,20,3,0,6,1,0,2,5,MXC,0,4,1,24,8,0.0,16.7,33.3,20.0,55.0,10.0,15.0,0.12,0.331
2023,673.0,Aguilas de Mexicali,642299,Alejandro Flores,9,RF,194,68.0,70.0,2.0,0,0.4,13.0,1.0,3.0,31.0,839,4.325,14.4,21.1,0.01,0.683,0.11,3.0,0.0,24,375,82,124,17,3,30,7,1,27,15,MXC,2,41,28,163,50,6.5,9.8,21.9,25.0,36.3,24.2,14.5,0.067,0.384
2023,673.0,Aguilas de Mexicali,573627,Kennys Vargas,10,DH,286,115.0,113.0,0.0,4,0.351,24.0,7.0,7.0,38.0,1167,4.08,11.2,22.0,0.035,0.508,0.181,3.0,1.0,25,545,146,184,13,9,66,12,0,40,19,MXC,10,63,32,243,71,27.0,12.5,26.8,20.1,46.2,26.6,7.1,0.108,0.39
2023,673.0,Aguilas de Mexicali,500208,Yangervis Solarte,5,3B,223,84.0,108.0,2.0,1,0.274,14.0,0.0,6.0,38.0,854,3.83,10.3,9.9,0.036,1.045,0.152,1.0,0.0,31,410,53,178,21,14,58,9,1,28,16,MXC,8,22,23,197,54,20.0,6.2,12.9,22.5,41.6,23.6,12.4,-0.0039999999999999,0.362
2023,673.0,Aguilas de Mexicali,672953,Gilberto Vizcarra,2,C,24,5.0,6.0,2.0,0,0.357,0.0,0.0,1.0,2.0,94,3.917,12.5,20.8,0.0,0.6,0.0,0.0,0.0,3,48,6,16,1,1,6,0,0,2,3,MXC,0,5,3,19,5,0.0,6.4,12.5,18.8,56.2,18.8,6.2,0.0829999999999999,0.288
2023,673.0,Aguilas de Mexicali,471906,Reynaldo Rodriguez,3,1B,280,87.0,111.0,1.0,2,0.298,14.0,1.0,2.0,49.0,1041,3.718,8.2,16.4,0.014,0.5,0.087,3.0,0.0,54,498,113,210,26,11,54,9,4,34,18,MXC,4,46,23,253,65,6.3,10.9,22.7,30.0,34.3,21.4,14.3,0.082,0.312
2023,673.0,Aguilas de Mexicali,665745,Javier Salazar,6,SS,237,87.0,83.0,7.0,2,0.306,21.0,0.0,5.0,30.0,921,3.886,6.8,21.5,0.025,0.314,0.156,1.0,1.0,30,415,91,170,9,11,66,10,1,29,14,MXC,6,51,16,212,54,15.0,9.9,21.9,23.5,47.1,23.5,5.9,0.147,0.323
2023,673.0,Aguilas de Mexicali,692269,Ramon Mora,X,X,4,1.0,4.0,0.0,0,0.333,0.0,0.0,0.0,1.0,12,3.0,0.0,25.0,0.0,,0.0,0.0,0.0,0,6,3,3,1,0,1,0,0,1,0,MXC,0,1,0,4,1,,25.0,50.0,0.0,33.3,33.3,33.3,0.25,0.236
2023,673.0,Aguilas de Mexicali,655212,Manuel Orduno,9,RF,17,5.0,7.0,0.0,0,0.286,1.0,0.0,1.0,4.0,59,3.471,5.9,11.8,0.0,0.5,0.063,0.0,1.0,1,27,5,14,1,1,7,0,0,2,2,MXC,0,2,1,16,4,0.0,8.5,18.5,7.1,64.3,21.4,7.1,0.059,0.289
2023,673.0,Aguilas de Mexicali,622270,Alex D. Mejia,5,3B,143,37.0,68.0,1.0,1,0.306,4.0,0.0,4.0,24.0,531,3.713,10.5,19.6,0.007,0.536,0.048,1.0,0.0,21,278,68,100,9,5,34,2,0,15,14,MXC,1,28,15,126,31,4.3,12.8,24.5,23.0,48.0,20.0,9.0,0.091,0.299
2023,673.0,Aguilas de Mexicali,676021,Luis Santos,4,2B,120,30.0,57.0,2.0,2,0.284,5.0,1.0,0.0,18.0,457,3.808,9.2,20.8,0.0,0.44,0.067,2.0,0.0,17,186,39,83,8,3,32,2,0,12,9,MXC,0,25,11,104,23,0.0,8.5,21.0,22.9,49.4,18.1,9.6,0.1159999999999999,0.277
2023,673.0,Aguilas de Mexicali,518530,Xorge Carrillo,2,C,152,35.0,59.0,6.0,4,0.221,5.0,8.0,10.0,29.0,486,3.197,2.6,7.2,0.007,0.364,0.054,2.0,0.0,26,259,49,129,9,12,54,8,1,11,8,MXC,1,11,4,130,28,2.9,10.1,18.9,26.4,48.1,17.8,7.8,0.046,0.253
2023,673.0,Aguilas de Mexicali,605011,Moises Gutierrez,4,2B,169,41.0,84.0,8.0,1,0.36,9.0,3.0,1.0,27.0,637,3.769,4.7,36.1,0.0,0.131,0.06,3.0,0.0,25,348,130,97,7,3,30,6,1,16,9,MXC,0,61,8,149,32,0.0,20.4,37.4,32.0,40.2,19.6,8.2,0.314,0.249
2023,673.0,Aguilas de Mexicali,511428,Leo Heras,9,RF,202,62.0,97.0,6.0,0,0.25,17.0,0.0,2.0,36.0,787,3.896,12.9,19.3,0.015,0.667,0.159,1.0,0.0,22,327,81,137,23,7,50,6,1,16,12,MXC,3,39,26,170,35,10.7,10.3,24.8,20.4,45.3,16.8,17.5,0.064,0.313
2023,673.0,Aguilas de Mexicali,657011,Troy Stokes Jr.,8,CF,63,14.0,16.0,1.0,0,0.235,3.0,2.0,1.0,3.0,249,3.952,12.7,27.0,0.016,0.471,0.096,0.0,0.0,4,107,28,36,5,1,17,2,0,3,4,MXC,1,17,8,52,9,16.7,11.2,26.2,16.7,58.3,11.1,13.9,0.143,0.286
2023,673.0,Aguilas de Mexicali,677965,Jimmy Kerrigan,8,CF,63,10.0,36.0,2.0,2,0.2,1.0,3.0,4.0,13.0,207,3.286,4.8,15.9,0.0,0.3,0.019,0.0,0.0,8,117,32,47,7,3,20,0,0,5,4,MXC,0,10,3,53,9,0.0,15.5,27.4,17.0,51.1,17.0,14.9,0.111,0.213
2023,673.0,Aguilas de Mexicali,608608,Carlos Munoz,X,X,6,1.0,6.0,0.0,0,0.167,0.0,0.0,0.0,1.0,20,3.333,0.0,0.0,0.0,,0.0,1.0,0.0,2,10,1,6,0,0,3,0,0,1,0,MXC,0,0,0,6,1,0.0,5.0,10.0,33.3,50.0,16.7,0.0,0.0,0.157
2023,673.0,Aguilas de Mexicali,642720,Ray-Patrick Didder,8,CF,49,9.0,22.0,0.0,1,0.2,3.0,0.0,1.0,7.0,199,4.061,12.2,26.5,0.0,0.462,0.071,0.0,0.0,8,79,21,30,2,3,11,0,0,3,3,MXC,0,13,6,42,6,0.0,10.6,26.6,26.7,46.7,20.0,6.7,0.143,0.23
2023,673.0,Aguilas de Mexicali,682040,Jordan Qsar,7,LF,16,1.0,5.0,0.0,0,0.167,0.0,0.0,0.0,0.0,82,5.125,0.0,62.5,0.0,,0.0,1.0,0.0,1,32,12,6,1,2,1,0,0,1,0,MXC,0,10,0,16,1,0.0,14.6,37.5,16.7,16.7,50.0,16.7,0.625,0.059
2023,673.0,Aguilas de Mexicali,572868,Anthony Giansanti,7,LF,30,4.0,19.0,0.0,0,0.0,1.0,0.0,1.0,7.0,119,3.967,13.3,20.0,0.033,0.667,0.115,1.0,0.0,5,58,14,20,4,2,8,0,0,1,0,MXC,1,6,4,26,1,20.0,11.8,24.1,25.0,40.0,15.0,20.0,0.067,0.172
2023,673.0,Aguilas de Mexicali,701324,Oliver Carrillo,X,X,3,0.0,6.0,0.0,0,0.0,0.0,0.0,0.0,0.0,11,3.667,33.3,33.3,0.0,1.0,0.0,0.0,0.0,0,5,3,1,0,0,1,0,0,0,0,MXC,0,1,1,2,0,,27.3,60.0,0.0,100.0,0.0,0.0,0.0,0.244
2023,673.0,Aguilas de Mexicali,692270,Antonio Castaneda,X,X,1,0.0,0.0,0.0,0,0.0,0.0,0.0,0.0,0.0,7,7.0,0.0,0.0,0.0,,0.0,0.0,0.0,0,4,1,1,0,0,1,0,0,0,0,MXC,0,0,0,1,0,,14.3,25.0,0.0,100.0,0.0,0.0,0.0,0.0
2023,673.0,Aguilas de Mexicali,689567,Hernan Yanez,X,X,1,0.0,0.0,0.0,0,,0.0,0.0,0.0,0.0,6,6.0,100.0,0.0,0.0,,,0.0,0.0,0,0,0,0,0,0,0,0,0,0,0,MXC,0,0,1,0,0,,0.0,,,,,,-1.0,0.731
2023,674.0,Charros de Jalisco,670351,Jose Rojas,5,3B,45,30.0,7.0,1.0,0,0.5,8.0,0.0,0.0,7.0,187,4.156,20.0,13.3,0.067,1.5,0.4,0.0,0.0,2,65,9,30,3,1,8,8,0,3,5,JAL,3,6,9,35,16,30.0,4.8,13.8,33.3,43.3,13.3,10.0,-0.067,0.598
2023,674.0,Charros de Jalisco,692979,Maikel Serrano,7,LF,114,42.0,50.0,0.0,1,0.448,2.0,1.0,3.0,24.0,419,3.675,8.8,14.0,0.0,0.625,0.029,2.0,0.0,11,232,64,87,4,3,30,11,0,8,20,JAL,0,16,10,102,39,0.0,15.3,27.6,25.3,57.5,12.6,4.6,0.052,0.404
2023,674.0,Charros de Jalisco,603877,Fernando Flores,2,C,89,39.0,37.0,0.0,0,0.435,6.0,0.0,1.0,22.0,287,3.225,1.1,20.2,0.011,0.056,0.091,0.0,0.0,12,150,33,70,7,4,16,8,0,10,13,JAL,1,18,1,88,31,5.0,11.5,22.0,28.6,41.4,20.0,10.0,0.191,0.375
2023,674.0,Charros de Jalisco,672951,Victor Ruiz,3,1B,3,1.0,1.0,0.0,0,0.5,0.0,0.0,0.0,0.0,8,2.667,0.0,33.3,0.0,,0.0,0.0,0.0,0,6,3,2,0,0,1,0,1,0,0,JAL,0,1,0,3,1,,37.5,50.0,0.0,50.0,0.0,50.0,0.333,0.314
2023,674.0,Charros de Jalisco,691858,Jared Serna,6,SS,254,111.0,86.0,2.0,0,0.363,23.0,2.0,4.0,41.0,938,3.693,7.1,18.1,0.028,0.391,0.168,6.0,0.0,30,442,101,188,12,6,68,18,2,20,32,JAL,7,46,18,232,72,14.6,10.8,22.9,25.5,53.2,13.8,7.4,0.11,0.39
2023,674.0,Charros de Jalisco,608686,Jack Mayfield,5,3B,152,66.0,65.0,0.0,2,0.327,15.0,5.0,4.0,27.0,566,3.724,7.9,17.1,0.033,0.462,0.203,1.0,1.0,17,274,59,109,11,6,36,14,0,13,12,JAL,5,26,12,133,39,16.1,10.4,21.5,28.4,44.0,17.4,10.1,0.092,0.4
2023,674.0,Charros de Jalisco,570799,Christian Villanueva,3,1B,190,74.0,82.0,0.0,5,0.286,15.0,2.0,5.0,25.0,686,3.611,5.3,10.0,0.026,0.526,0.145,2.0,0.0,39,374,69,159,15,13,43,14,0,12,23,JAL,5,19,10,173,49,9.4,10.1,18.4,33.3,41.5,15.7,9.4,0.047,0.346
2023,674.0,Charros de Jalisco,515189,Japhet Amador,10,DH,248,110.0,94.0,0.0,2,0.278,20.0,2.0,8.0,35.0,923,3.722,11.3,16.5,0.06,0.683,0.231,0.0,1.0,36,415,90,177,13,14,54,25,0,12,23,JAL,15,41,28,216,60,24.6,9.8,21.7,34.5,43.5,14.7,7.3,0.052,0.401
2023,674.0,Charros de Jalisco,591572,Jose Aguilar,7,LF,151,41.0,46.0,4.0,0,0.343,4.0,2.0,2.0,16.0,615,4.073,9.9,16.6,0.0,0.6,0.038,2.0,0.0,24,243,40,109,4,4,41,5,0,11,20,JAL,0,25,15,130,36,0.0,6.5,16.5,26.6,56.0,13.8,3.7,0.067,0.321
2023,674.0,Charros de Jalisco,676140,Julian Ornelas,8,CF,286,121.0,97.0,4.0,4,0.313,29.0,3.0,1.0,38.0,1152,4.028,10.8,20.3,0.038,0.534,0.221,3.0,0.0,40,523,131,194,23,9,55,23,1,25,18,JAL,11,58,31,244,67,17.5,11.4,25.0,32.5,37.6,17.5,12.4,0.095,0.386
2023,674.0,Charros de Jalisco,596671,Omar Renteria,2,C,37,11.0,10.0,1.0,0,0.391,2.0,0.0,1.0,4.0,141,3.811,8.1,27.0,0.0,0.3,0.061,1.0,0.0,2,65,16,24,1,1,11,4,0,2,3,JAL,0,10,3,33,9,0.0,11.3,24.6,25.0,58.3,12.5,4.2,0.189,0.311
2023,674.0,Charros de Jalisco,668992,Missael Rivera,4,2B,210,70.0,88.0,6.0,2,0.323,14.0,3.0,2.0,30.0,841,4.005,12.4,20.5,0.024,0.605,0.139,2.0,0.0,28,338,70,138,8,7,49,12,0,18,16,JAL,5,43,26,173,46,12.5,8.3,20.7,29.0,47.1,18.1,5.8,0.0809999999999999,0.346
2023,674.0,Charros de Jalisco,679589,Fernando Villegas,9,RF,150,46.0,58.0,0.0,0,0.347,8.0,4.0,2.0,18.0,543,3.62,5.3,24.0,0.007,0.222,0.072,3.0,0.0,17,277,68,102,5,14,30,9,0,16,11,JAL,1,36,8,138,36,3.8,12.5,24.5,25.5,40.2,29.4,4.9,0.187,0.314
2023,674.0,Charros de Jalisco,676701,Alan Trejo,6,SS,106,33.0,34.0,0.0,2,0.292,6.0,2.0,2.0,17.0,415,3.915,6.6,21.7,0.019,0.304,0.105,1.0,1.0,17,209,52,74,6,3,25,6,0,5,12,JAL,2,23,7,95,23,8.7,12.5,24.9,31.1,50.0,10.8,8.1,0.151,0.308
2023,674.0,Charros de Jalisco,516679,Sebastian Valle,2,C,140,55.0,56.0,4.0,3,0.26,12.0,3.0,1.0,23.0,586,4.186,3.6,33.6,0.057,0.106,0.224,2.0,1.0,24,303,96,85,7,5,22,15,0,9,3,JAL,8,47,5,125,27,20.5,16.4,31.7,45.9,29.4,16.5,8.2,0.3,0.311
2023,674.0,Charros de Jalisco,591977,Felix Perez,9,RF,143,57.0,70.0,0.0,0,0.135,12.0,2.0,2.0,23.0,555,3.881,8.4,20.3,0.077,0.414,0.264,1.0,0.0,29,277,76,100,17,6,25,12,1,6,4,JAL,11,29,12,129,23,26.8,13.7,27.4,41.0,29.0,12.0,18.0,0.119,0.317
2023,674.0,Charros de Jalisco,524648,Alejandro Gonzalez,9,RF,57,13.0,15.0,2.0,0,0.222,4.0,3.0,1.0,7.0,229,4.018,14.0,28.1,0.018,0.5,0.136,1.0,0.0,6,92,26,30,4,1,12,4,0,2,1,JAL,1,16,8,44,7,10.0,11.4,28.3,33.3,43.3,10.0,13.3,0.141,0.303
2023,674.0,Charros de Jalisco,546994,C.J. Hinojosa,4,2B,46,9.0,19.0,0.0,0,0.172,1.0,0.0,1.0,5.0,176,3.826,10.9,23.9,0.022,0.455,0.073,0.0,0.0,6,91,29,30,3,2,13,2,0,0,4,JAL,1,11,5,41,6,12.5,16.5,31.9,26.7,56.7,6.7,10.0,0.13,0.231
2023,674.0,Charros de Jalisco,663445,James Nelson,5,3B,32,6.0,10.0,0.0,0,0.136,2.0,1.0,0.0,3.0,134,4.188,9.4,18.8,0.0,0.5,0.107,0.0,0.0,6,71,18,22,2,1,10,0,0,2,1,JAL,0,6,3,28,3,0.0,13.4,25.4,27.3,50.0,13.6,9.1,0.094,0.218
2023,674.0,Charros de Jalisco,458501,Luis Alfonso Cruz,5,3B,36,5.0,12.0,0.0,0,0.111,2.0,1.0,0.0,6.0,129,3.583,8.3,13.9,0.0,0.6,0.063,0.0,0.0,7,65,17,27,8,2,7,2,0,1,0,JAL,0,5,3,32,3,0.0,13.2,26.2,33.3,25.9,11.1,29.6,0.056,0.184
2023,674.0,Charros de Jalisco,469117,Amadeo Zazueta,4,2B,37,4.0,12.0,0.0,0,0.107,1.0,1.0,1.0,3.0,146,3.946,8.1,13.5,0.0,0.6,0.03,0.0,0.0,4,67,11,28,6,0,15,0,0,2,1,JAL,0,5,3,33,3,0.0,7.5,16.4,14.3,57.1,7.1,21.4,0.054,0.168
2023,674.0,Charros de Jalisco,616404,Edson Garcia,X,X,14,1.0,4.0,1.0,0,0.25,0.0,1.0,0.0,0.0,54,3.857,0.0,57.1,0.0,,0.0,0.0,0.0,1,27,12,5,1,1,1,0,0,1,0,JAL,0,8,0,12,1,0.0,22.2,44.4,20.0,20.0,40.0,20.0,0.571,0.122
2023,674.0,Charros de Jalisco,811419,Luis Carlos Martinez,6,SS,1,0.0,2.0,0.0,0,,0.0,0.0,0.0,0.0,6,6.0,0.0,100.0,0.0,,0.0,0.0,0.0,0,4,3,0,0,0,0,0,0,0,0,JAL,0,1,0,1,0,,50.0,75.0,,,,,1.0,0.0
2023,674.0,Charros de Jalisco,641104,Carlos Mendivil,10,DH,3,0.0,1.0,0.0,0,0.0,0.0,0.0,0.0,0.0,13,4.333,33.3,0.0,0.0,,0.0,0.0,0.0,0,5,1,2,0,0,2,0,0,0,0,JAL,0,0,1,2,0,,7.7,20.0,0.0,100.0,0.0,0.0,-0.333,0.244
2023,674.0,Charros de Jalisco,806157,Christian Morales,X,X,2,0.0,1.0,0.0,0,0.0,0.0,0.0,0.0,0.0,4,2.0,0.0,0.0,0.0,,0.0,0.0,0.0,2,3,1,2,0,0,0,0,0,0,0,JAL,0,0,0,2,0,0.0,25.0,33.3,100.0,0.0,0.0,0.0,0.0,0.0
2023,674.0,Charros de Jalisco,683110,Miguel Ojeda Jr.,2,C,1,0.0,1.0,0.0,0,,0.0,0.0,0.0,0.0,4,4.0,0.0,100.0,0.0,,0.0,0.0,0.0,0,2,2,0,0,0,0,0,0,0,0,JAL,0,1,0,1,0,,50.0,100.0,,,,,1.0,0.0
2023,675.0,Caneros de los Mochis,664670,Alejo Lopez,6,SS,92,38.0,29.0,2.0,0,0.375,10.0,4.0,2.0,10.0,352,3.826,14.1,16.3,0.022,0.867,0.205,0.0,0.0,8,154,32,60,7,4,18,5,0,12,6,MOC,2,15,13,73,23,15.4,9.1,20.8,21.7,40.0,26.7,11.7,0.022,0.441
2023,675.0,Caneros de los Mochis,701033,Jorge Rivera,5,3B,14,4.0,7.0,1.0,0,0.364,0.0,0.0,1.0,4.0,45,3.214,0.0,14.3,0.0,,0.0,0.0,0.0,1,22,3,12,0,1,6,0,0,1,3,MOC,0,2,0,13,4,0.0,6.7,13.6,8.3,75.0,16.7,0.0,0.143,0.27
2023,675.0,Caneros de los Mochis,596107,Eric Filia,7,LF,272,87.0,96.0,0.0,7,0.319,13.0,3.0,9.0,43.0,1013,3.724,15.4,11.8,0.015,1.313,0.1,5.0,0.0,40,474,91,195,7,16,67,7,0,37,21,MOC,4,32,42,220,65,8.5,9.0,19.2,24.1,45.1,27.2,3.6,-0.036,0.373
2023,675.0,Caneros de los Mochis,665455,Isaac Rodriguez,4,2B,275,74.0,67.0,6.0,3,0.309,10.0,4.0,6.0,36.0,1138,4.138,13.8,11.6,0.004,1.188,0.058,1.0,0.0,42,426,53,201,18,17,63,8,0,26,27,MOC,1,32,38,224,61,2.0,4.7,12.4,24.9,44.8,21.4,9.0,-0.022,0.338
2023,675.0,Caneros de los Mochis,630111,Yasmany Tomás,3,1B,244,101.0,125.0,0.0,2,0.351,19.0,0.0,4.0,31.0,884,3.623,4.9,30.3,0.041,0.162,0.17,0.0,0.0,32,523,179,158,17,9,38,12,0,29,21,MOC,10,74,12,230,62,22.7,20.2,34.2,27.8,37.3,24.1,10.8,0.254,0.341
2023,675.0,Caneros de los Mochis,677977,Edgar Robles,8,CF,224,60.0,79.0,6.0,1,0.291,7.0,2.0,4.0,37.0,824,3.679,7.1,12.5,0.0,0.571,0.05,2.0,0.0,23,375,60,178,13,14,78,5,1,17,27,MOC,0,28,16,199,50,0.0,7.3,16.0,15.7,59.0,17.4,7.9,0.054,0.287
2023,675.0,Caneros de los Mochis,666728,Carlos Soto,2,C,141,48.0,73.0,0.0,2,0.271,12.0,1.0,2.0,19.0,567,4.021,12.8,16.3,0.021,0.783,0.158,0.0,1.0,26,250,48,99,7,6,31,6,0,14,9,MOC,3,23,18,120,29,9.4,8.5,19.2,32.3,40.4,20.2,7.1,0.035,0.349
2023,675.0,Caneros de los Mochis,616613,Rodolfo Amador,5,3B,178,49.0,91.0,1.0,2,0.252,8.0,2.0,9.0,28.0,638,3.584,10.1,14.0,0.017,0.72,0.092,3.0,1.0,14,343,63,131,9,5,68,4,0,25,6,MOC,3,25,18,153,35,16.7,9.9,18.4,13.7,56.5,22.9,6.9,0.039,0.297
2023,675.0,Caneros de los Mochis,434605,Wladimir Balentien,10,DH,112,35.0,44.0,0.0,1,0.293,9.0,2.0,5.0,17.0,487,4.348,16.1,27.7,0.027,0.581,0.165,0.0,0.0,6,229,79,61,11,2,22,8,0,8,4,MOC,3,31,18,91,20,21.4,16.2,34.5,23.0,42.6,16.4,18.0,0.116,0.357
2023,675.0,Caneros de los Mochis,681909,Justin Dean,9,RF,258,62.0,84.0,5.0,5,0.283,10.0,4.0,2.0,37.0,1053,4.081,15.5,23.6,0.012,0.656,0.088,4.0,0.0,36,437,124,153,6,11,56,6,0,20,18,MOC,3,61,40,204,44,7.1,11.8,28.4,27.5,48.4,20.3,3.9,0.0809999999999999,0.315
2023,675.0,Caneros de los Mochis,668616,Marco Jaime,6,SS,260,56.0,115.0,4.0,2,0.246,6.0,4.0,7.0,37.0,970,3.731,6.9,11.9,0.0,0.581,0.026,2.0,0.0,36,472,83,207,17,14,90,6,1,25,18,MOC,0,31,18,232,50,0.0,8.6,17.6,20.3,52.2,18.8,8.7,0.0499999999999999,0.248
2023,675.0,Caneros de los Mochis,570615,Steven Moya,10,DH,70,22.0,29.0,0.0,0,0.24,4.0,0.0,2.0,10.0,267,3.814,5.7,18.6,0.029,0.308,0.123,3.0,0.0,9,166,41,52,10,1,18,4,0,9,1,MOC,2,13,4,65,14,15.4,15.4,24.7,25.0,36.5,19.2,19.2,0.129,0.279
2023,675.0,Caneros de los Mochis,682841,Michael Robles,X,X,54,11.0,13.0,1.0,0,0.263,1.0,0.0,0.0,6.0,217,4.019,9.3,18.5,0.0,0.5,0.021,2.0,0.0,6,111,28,39,6,5,12,2,0,4,4,MOC,0,10,5,48,10,0.0,12.9,25.2,20.5,41.0,23.1,15.4,0.092,0.25
2023,675.0,Caneros de los Mochis,654118,Eric Meza,X,X,82,22.0,34.0,0.0,0,0.24,4.0,3.0,5.0,17.0,340,4.146,12.2,20.7,0.024,0.588,0.116,1.0,0.0,10,182,47,52,7,4,17,4,0,8,2,MOC,2,17,10,69,14,14.3,13.8,25.8,26.9,36.5,23.1,13.5,0.0849999999999999,0.32
2023,675.0,Caneros de los Mochis,660842,Juan Uriarte,2,C,80,23.0,39.0,1.0,0,0.269,6.0,1.0,1.0,9.0,274,3.425,2.5,28.8,0.013,0.087,0.105,2.0,0.0,10,151,46,54,7,1,21,4,0,9,2,MOC,1,23,2,76,15,7.1,16.8,30.5,25.9,42.6,18.5,13.0,0.2629999999999999,0.247
2023,675.0,Caneros de los Mochis,696535,Brayan Mendoza,X,X,24,4.0,9.0,1.0,0,0.444,0.0,0.0,1.0,4.0,92,3.833,0.0,58.3,0.0,,0.0,0.0,0.0,0,45,21,10,1,0,5,0,0,2,2,MOC,0,14,0,23,4,,22.8,46.7,0.0,70.0,20.0,10.0,0.583,0.157
2023,675.0,Caneros de los Mochis,660518,Juan Camacho,2,C,95,21.0,37.0,2.0,0,0.2,3.0,2.0,1.0,14.0,333,3.505,7.4,23.2,0.021,0.318,0.083,2.0,0.0,9,177,48,64,8,4,29,4,0,7,3,MOC,2,22,7,84,14,15.4,14.4,27.1,20.3,50.0,17.2,12.5,0.158,0.241
2023,675.0,Caneros de los Mochis,501660,Zoilo Almonte,10,DH,10,1.0,6.0,0.0,0,0.167,0.0,0.0,0.0,2.0,44,4.4,0.0,40.0,0.0,,0.0,0.0,0.0,2,25,7,6,0,1,2,0,0,1,0,MOC,0,4,0,10,1,0.0,15.9,28.0,33.3,33.3,33.3,0.0,0.4,0.094
2023,675.0,Caneros de los Mochis,802580,Roberto Castro,X,X,18,1.0,12.0,0.0,0,0.125,0.0,1.0,0.0,2.0,72,4.0,0.0,50.0,0.0,,0.0,0.0,0.0,2,35,14,8,1,2,2,0,0,1,0,MOC,0,9,0,17,1,0.0,19.4,40.0,25.0,25.0,37.5,12.5,0.5,0.095
2023,675.0,Caneros de los Mochis,814188,Jayson Bass,9,RF,4,0.0,3.0,0.0,0,0.0,0.0,0.0,0.0,0.0,10,2.5,0.0,50.0,0.0,,0.0,0.0,0.0,0,7,5,2,0,1,1,0,0,0,0,MOC,0,2,0,4,0,,50.0,71.4,0.0,50.0,50.0,0.0,0.5,0.0
2023,675.0,Caneros de los Mochis,694034,Mario Gomez,X,X,1,0.0,0.0,0.0,0,,0.0,0.0,0.0,0.0,4,4.0,0.0,100.0,0.0,,0.0,0.0,0.0,0,2,2,0,0,0,0,0,0,0,0,MOC,0,1,0,1,0,,50.0,100.0,,,,,1.0,0.0
2023,675.0,Caneros de los Mochis,672382,Luis Moreno,1,P,0,0.0,0.0,0.0,0,,0.0,0.0,0.0,0.0,0,,,,,,,0.0,0.0,0,0,0,0,0,0,0,0,0,0,0,MOC,0,0,0,0,0,,,,,,,,,
2023,675.0,Caneros de los Mochis,676020,Javier Sanchez,5,3B,5,0.0,4.0,0.0,0,,0.0,0.0,0.0,0.0,24,4.8,0.0,100.0,0.0,,0.0,0.0,0.0,0,12,8,0,0,0,0,0,0,0,0,MOC,0,5,0,5,0,,33.3,66.7,,,,,1.0,0.0
2023,676.0,Mayos de Navojoa,806621,Francisco Perez,2,C,6,2.0,1.0,0.0,0,0.4,0.0,0.0,0.0,0.0,18,3.0,0.0,16.7,0.0,,0.0,0.0,0.0,1,13,5,5,0,0,2,1,0,0,1,NAV,0,1,0,6,2,0.0,27.8,38.5,40.0,60.0,0.0,0.0,0.167,0.314
2023,676.0,Mayos de Navojoa,547375,Sergio Perez,X,X,38,18.0,7.0,0.0,0,0.423,4.0,0.0,1.0,3.0,151,3.974,2.6,26.3,0.026,0.1,0.162,0.0,0.0,3,85,25,27,2,0,10,3,0,7,2,NAV,1,10,1,37,12,16.7,16.6,29.4,22.2,44.4,25.9,7.4,0.237,0.384
2023,676.0,Mayos de Navojoa,687045,Justin Wylie,4,2B,97,31.0,37.0,1.0,0,0.418,5.0,1.0,1.0,13.0,420,4.33,14.4,25.8,0.01,0.56,0.086,1.0,0.0,12,177,47,57,3,2,16,3,0,6,15,NAV,1,25,14,81,24,6.7,11.2,26.6,26.3,54.4,14.0,5.3,0.114,0.377
2023,676.0,Mayos de Navojoa,651016,Matt Lloyd,5,3B,233,96.0,68.0,0.0,3,0.343,22.0,0.0,2.0,33.0,934,4.009,17.2,20.2,0.039,0.851,0.211,1.0,0.0,21,389,95,146,11,10,48,10,0,29,17,NAV,9,47,40,190,56,29.0,10.2,24.4,21.2,44.5,26.7,7.5,0.03,0.419
2023,676.0,Mayos de Navojoa,656782,Max Murphy,9,RF,208,102.0,100.0,0.0,0,0.376,27.0,10.0,5.0,30.0,850,4.087,9.1,31.7,0.058,0.288,0.291,1.0,0.0,16,428,164,113,6,9,32,20,0,18,12,NAV,12,66,19,179,50,33.3,19.3,38.3,31.9,38.9,23.9,5.3,0.226,0.437
2023,676.0,Mayos de Navojoa,634739,Miguel Guzman,8,CF,166,54.0,62.0,4.0,2,0.336,6.0,2.0,5.0,21.0,580,3.494,3.6,19.9,0.012,0.182,0.079,0.0,1.0,14,308,74,125,5,6,58,9,0,14,19,NAV,2,33,6,152,42,8.7,12.8,24.0,18.4,61.6,16.0,4.0,0.163,0.304
2023,676.0,Mayos de Navojoa,661313,Asael Sanchez,7,LF,133,39.0,57.0,0.0,1,0.375,6.0,2.0,1.0,15.0,549,4.128,7.5,24.8,0.0,0.303,0.05,1.0,0.0,13,238,65,88,1,7,34,4,1,12,16,NAV,0,33,10,120,33,0.0,11.8,27.3,19.3,56.8,21.6,2.3,0.173,0.319
2023,676.0,Mayos de Navojoa,674840,Jorge Sesma,X,X,43,13.0,21.0,3.0,0,0.474,2.0,4.0,0.0,3.0,167,3.884,7.0,32.6,0.0,0.214,0.121,1.0,0.0,3,86,29,22,0,1,9,3,0,3,3,NAV,0,14,3,33,9,0.0,17.4,33.7,27.3,54.5,18.2,0.0,0.256,0.356
2023,676.0,Mayos de Navojoa,550492,Luis Juarez,10,DH,259,92.0,121.0,0.0,1,0.293,14.0,2.0,6.0,52.0,926,3.575,10.0,15.1,0.031,0.667,0.13,3.0,0.0,47,508,124,192,26,8,49,16,1,25,20,NAV,8,39,26,230,62,12.7,13.4,24.4,32.8,35.9,17.2,14.1,0.0509999999999999,0.349
2023,676.0,Mayos de Navojoa,664215,Zach Nehrir,8,CF,74,22.0,17.0,0.0,1,0.333,2.0,2.0,1.0,11.0,310,4.189,9.5,21.6,0.014,0.438,0.078,0.0,0.0,12,143,33,49,3,5,12,3,0,5,9,NAV,1,16,7,64,17,6.7,10.6,23.1,30.6,42.9,20.4,6.1,0.121,0.335
2023,676.0,Mayos de Navojoa,672359,Tirso Ornelas,7,LF,248,78.0,80.0,1.0,2,0.31,15.0,8.0,5.0,30.0,982,3.96,11.3,20.6,0.02,0.549,0.12,3.0,0.0,23,425,98,161,10,10,65,9,0,18,26,NAV,5,51,28,209,53,15.6,10.0,23.1,19.9,56.5,17.4,6.2,0.0929999999999999,0.352
2023,676.0,Mayos de Navojoa,607372,Juan Perez,8,CF,47,19.0,15.0,3.0,0,0.259,5.0,0.0,0.0,7.0,167,3.553,12.8,19.1,0.043,0.667,0.263,0.0,0.0,5,82,18,32,7,3,8,2,0,4,3,NAV,2,9,6,38,9,28.6,10.8,22.0,21.9,34.4,21.9,21.9,0.063,0.348
2023,676.0,Mayos de Navojoa,680029,Oziel Flores,X,X,38,11.0,17.0,1.0,0,0.269,4.0,2.0,1.0,4.0,140,3.684,13.2,10.5,0.0,1.25,0.133,0.0,0.0,4,56,16,27,5,1,10,2,0,3,2,NAV,0,4,5,30,7,0.0,11.4,28.6,22.2,44.4,14.8,18.5,-0.027,0.353
2023,676.0,Mayos de Navojoa,656352,Braxton Davidson,3,1B,112,38.0,61.0,0.0,0,0.368,6.0,0.0,1.0,11.0,493,4.402,21.4,39.3,0.054,0.545,0.205,0.0,0.0,5,198,98,44,1,1,17,4,0,7,9,NAV,6,44,24,88,20,66.7,19.9,49.5,20.5,59.1,18.2,2.3,0.179,0.388
2023,676.0,Mayos de Navojoa,520976,Engel Beltre,8,CF,18,4.0,6.0,0.0,0,0.286,0.0,0.0,1.0,2.0,48,2.667,0.0,22.2,0.0,,0.0,0.0,0.0,2,35,11,14,2,1,5,0,0,2,2,NAV,0,4,0,18,4,0.0,22.9,31.4,14.3,50.0,21.4,14.3,0.222,0.21
2023,676.0,Mayos de Navojoa,653001,Samar Leyva,6,SS,108,26.0,41.0,1.0,1,0.244,5.0,3.0,4.0,21.0,357,3.306,4.6,12.0,0.0,0.385,0.051,1.0,0.0,18,198,45,87,11,6,31,4,0,7,10,NAV,0,13,5,98,21,0.0,12.6,22.7,25.3,47.1,14.9,12.6,0.074,0.258
2023,676.0,Mayos de Navojoa,678966,Mike Hart,3,1B,85,20.0,41.0,1.0,1,0.302,4.0,1.0,1.0,11.0,341,4.012,17.6,28.2,0.012,0.625,0.09,1.0,0.0,10,153,61,45,7,4,10,2,0,4,8,NAV,1,24,15,67,14,8.3,17.9,39.9,26.7,40.0,17.8,15.6,0.1059999999999999,0.323
2023,676.0,Mayos de Navojoa,617918,Marco Chicuate,2,C,95,23.0,38.0,2.0,0,0.276,4.0,3.0,6.0,11.0,354,3.726,6.3,26.3,0.011,0.24,0.071,1.0,0.0,8,170,54,61,4,4,28,5,0,4,8,NAV,1,25,6,84,17,7.7,15.3,31.8,21.3,59.0,13.1,6.6,0.2,0.266
2023,676.0,Mayos de Navojoa,670448,Sam Dexter,6,SS,76,17.0,34.0,2.0,0,0.255,2.0,0.0,0.0,8.0,263,3.461,5.3,19.7,0.0,0.267,0.043,1.0,1.0,11,151,35,57,7,4,21,3,0,4,7,NAV,0,15,4,70,14,0.0,13.3,23.2,24.6,49.1,14.0,12.3,0.144,0.228
2023,676.0,Mayos de Navojoa,664021,Ciro Norzagaray,6,SS,154,30.0,63.0,4.0,2,0.25,5.0,5.0,1.0,19.0,592,3.844,7.1,24.7,0.0,0.289,0.045,0.0,1.0,17,270,62,100,17,3,39,4,0,6,14,NAV,0,38,11,132,24,0.0,10.5,23.0,21.0,53.0,9.0,17.0,0.176,0.24
2023,676.0,Mayos de Navojoa,587275,Alan Espinoza,2,C,138,30.0,90.0,3.0,0,0.239,4.0,0.0,8.0,28.0,518,3.754,5.8,24.6,0.007,0.235,0.055,1.0,0.0,13,307,94,96,14,5,41,3,0,9,11,NAV,1,34,8,127,23,6.2,18.1,30.6,16.7,54.2,14.6,14.6,0.188,0.221
2023,676.0,Mayos de Navojoa,477644,Christian Zazueta,5,3B,51,13.0,28.0,1.0,0,0.176,4.0,0.0,0.0,3.0,171,3.353,0.0,29.4,0.02,,0.12,0.0,0.0,7,115,41,36,6,3,13,3,0,2,2,NAV,1,15,0,50,7,10.0,24.0,35.7,27.8,41.7,13.9,16.7,0.294,0.179
2023,676.0,Mayos de Navojoa,594096,Gilberto Galaviz,2,C,11,1.0,5.0,0.0,0,0.125,0.0,1.0,0.0,2.0,47,4.273,9.1,9.1,0.0,1.0,0.0,0.0,0.0,2,22,6,8,0,2,3,0,0,0,1,NAV,0,1,1,9,1,0.0,12.8,27.3,25.0,50.0,25.0,0.0,0.0,0.222
2023,676.0,Mayos de Navojoa,800096,Aldo Nunez,X,X,2,0.0,2.0,0.0,0,,0.0,0.0,0.0,0.0,9,4.5,0.0,100.0,0.0,,0.0,0.0,0.0,0,8,2,0,0,0,0,0,0,0,0,NAV,0,2,0,2,0,,22.2,25.0,,,,,1.0,0.0
2023,677.0,Naranjeros de Hermosillo,663845,Alfonso Rivas III,3,1B,70,39.0,27.0,0.0,0,0.537,7.0,2.0,2.0,13.0,298,4.257,15.7,18.6,0.043,0.846,0.246,0.0,0.0,5,126,32,44,1,1,12,5,0,13,7,HER,3,13,11,57,25,30.0,10.7,25.4,22.7,43.2,31.8,2.3,0.0289999999999999,0.558
2023,677.0,Naranjeros de Hermosillo,670623,Isaac Paredes,10,DH,85,38.0,28.0,0.0,3,0.339,9.0,1.0,2.0,16.0,351,4.129,22.4,7.1,0.035,3.167,0.258,3.0,0.0,19,139,19,59,4,2,12,7,0,10,5,HER,3,6,19,62,22,11.5,5.4,13.7,44.1,28.8,20.3,6.8,-0.153,0.487
2023,677.0,Naranjeros de Hermosillo,650957,Andretty Cordero,3,1B,141,55.0,64.0,0.0,0,0.396,7.0,0.0,2.0,18.0,476,3.376,7.8,12.8,0.007,0.611,0.077,0.0,0.0,19,230,53,112,6,4,38,3,0,30,12,HER,1,18,11,130,45,4.5,11.1,23.0,19.6,44.6,30.4,5.4,0.05,0.382
2023,677.0,Naranjeros de Hermosillo,662962,Jasson Atondo,6,SS,213,73.0,72.0,8.0,3,0.333,15.0,1.0,7.0,41.0,756,3.549,8.5,9.4,0.005,0.9,0.093,5.0,1.0,29,327,42,174,14,14,61,9,0,26,21,HER,1,20,18,183,56,2.6,5.6,12.8,21.8,47.1,23.0,8.0,0.0089999999999999,0.347
2023,677.0,Naranjeros de Hermosillo,546366,Francisco Lugo,9,RF,60,30.0,29.0,0.0,0,0.354,8.0,0.0,1.0,8.0,203,3.383,1.7,16.7,0.017,0.1,0.203,1.0,0.0,5,112,21,49,3,3,20,5,0,11,2,HER,1,10,1,59,18,10.0,10.3,18.8,20.4,44.9,28.6,6.1,0.15,0.377
2023,677.0,Naranjeros de Hermosillo,606580,Jose Cardona,8,CF,303,97.0,112.0,2.0,4,0.302,13.0,4.0,1.0,27.0,1080,3.564,5.9,9.2,0.01,0.643,0.069,5.0,1.0,58,491,82,253,24,9,84,11,1,43,23,HER,3,28,18,275,78,4.3,7.6,16.7,27.3,42.3,20.6,9.9,0.033,0.323
2023,677.0,Naranjeros de Hermosillo,666198,Carter Kieboom,10,DH,100,33.0,37.0,0.0,1,0.328,6.0,4.0,0.0,16.0,361,3.61,13.0,17.0,0.02,0.765,0.122,1.0,0.0,12,153,31,66,11,4,16,4,0,10,9,HER,2,17,13,82,23,12.5,8.6,20.3,24.2,37.9,21.2,16.7,0.04,0.385
2023,677.0,Naranjeros de Hermosillo,571437,Aaron Altherr,7,LF,108,49.0,58.0,0.0,0,0.313,13.0,2.0,2.0,15.0,462,4.278,21.3,25.9,0.065,0.821,0.325,1.0,0.0,14,160,55,55,5,1,13,9,0,9,4,HER,7,28,23,83,22,30.4,11.9,34.4,41.8,30.9,18.2,9.1,0.046,0.463
2023,677.0,Naranjeros de Hermosillo,571531,Sergio Burruel,2,C,80,29.0,39.0,0.0,1,0.298,9.0,1.0,3.0,6.0,314,3.925,10.0,16.3,0.013,0.615,0.157,0.0,0.0,13,153,38,58,6,2,19,4,0,11,3,HER,1,13,8,70,18,5.9,12.1,24.8,29.3,37.9,22.4,10.3,0.063,0.352
2023,677.0,Naranjeros de Hermosillo,663967,César Salazar,2,C,96,21.0,33.0,9.0,0,0.322,2.0,3.0,2.0,19.0,356,3.708,10.4,15.6,0.0,0.667,0.027,1.0,1.0,15,152,34,68,9,1,24,3,0,12,4,HER,0,15,10,74,19,0.0,9.6,22.4,26.5,41.2,19.1,13.2,0.052,0.295
2023,677.0,Naranjeros de Hermosillo,473242,Agustin Murillo,5,3B,228,77.0,114.0,1.0,1,0.282,17.0,2.0,8.0,40.0,881,3.864,7.9,14.5,0.018,0.545,0.121,1.0,0.0,49,367,57,175,15,4,55,16,0,14,22,HER,4,33,18,206,52,6.2,6.5,15.5,37.1,44.0,10.3,8.6,0.0659999999999999,0.326
2023,677.0,Naranjeros de Hermosillo,803376,Angel Camacho,X,X,70,17.0,24.0,4.0,1,0.319,2.0,0.0,0.0,12.0,264,3.771,4.3,22.9,0.0,0.188,0.032,2.0,0.0,11,126,22,51,2,4,19,0,0,6,9,HER,0,16,3,62,15,0.0,8.3,17.5,21.6,54.9,19.6,3.9,0.186,0.245
2023,677.0,Naranjeros de Hermosillo,642134,Robbie Tenerowicz,7,LF,40,8.0,10.0,0.0,1,0.333,1.0,5.0,1.0,2.0,167,4.175,10.0,25.0,0.0,0.4,0.033,1.0,0.0,5,64,20,21,2,0,7,1,0,4,2,HER,0,10,4,30,7,0.0,12.0,31.2,28.6,42.9,19.0,9.5,0.15,0.344
2023,677.0,Naranjeros de Hermosillo,676761,Irving Lopez,4,2B,225,61.0,102.0,6.0,0,0.255,14.0,10.0,6.0,40.0,817,3.631,6.7,13.8,0.009,0.484,0.093,0.0,0.0,43,386,63,169,19,5,59,10,0,19,14,HER,2,31,15,194,43,3.8,7.7,16.3,31.4,43.2,14.2,11.2,0.071,0.297
2023,677.0,Naranjeros de Hermosillo,703245,Andres Sosa,3,1B,116,29.0,48.0,0.0,0,0.257,5.0,2.0,4.0,16.0,482,4.155,15.5,20.7,0.017,0.75,0.094,1.0,0.0,13,198,47,72,14,0,25,6,0,8,6,HER,2,24,18,96,20,10.5,9.8,23.7,26.4,43.1,11.1,19.4,0.0519999999999999,0.322
2023,677.0,Naranjeros de Hermosillo,807587,Angel Ramirez,7,LF,43,9.0,18.0,0.0,1,0.276,1.0,0.0,0.0,4.0,148,3.442,7.0,25.6,0.0,0.273,0.026,0.0,0.0,5,62,17,29,4,0,12,1,0,4,3,HER,0,11,3,39,8,0.0,11.5,27.4,20.7,51.7,13.8,13.8,0.186,0.236
2023,677.0,Naranjeros de Hermosillo,605504,Dillon Thomas,9,RF,44,8.0,19.0,0.0,1,0.269,1.0,3.0,3.0,10.0,169,3.841,9.1,25.0,0.0,0.364,0.028,1.0,0.0,6,75,29,26,1,0,12,1,0,4,2,HER,0,11,4,36,7,0.0,17.2,38.7,26.9,53.8,15.4,3.8,0.159,0.278
2023,677.0,Naranjeros de Hermosillo,624645,Julian Leon,2,C,66,16.0,33.0,0.0,1,0.25,3.0,5.0,1.0,2.0,308,4.667,13.6,33.3,0.03,0.409,0.137,1.0,0.0,5,136,42,30,9,0,7,2,0,4,3,HER,2,22,9,51,9,28.6,13.6,30.9,23.3,33.3,13.3,30.0,0.197,0.332
2023,677.0,Naranjeros de Hermosillo,664041,Jaylin Davis,9,RF,70,23.0,28.0,0.0,0,0.214,5.0,0.0,0.0,6.0,290,4.143,17.1,37.1,0.057,0.462,0.224,1.0,0.0,7,141,63,32,5,0,10,4,0,2,4,HER,4,26,12,58,10,36.4,21.7,44.7,34.4,43.8,6.2,15.6,0.1999999999999999,0.34
2023,677.0,Naranjeros de Hermosillo,656248,Sean Bouchard,9,RF,106,30.0,48.0,0.0,0,0.172,8.0,2.0,1.0,15.0,418,3.943,12.3,27.4,0.038,0.448,0.176,3.0,0.0,15,172,51,62,8,2,23,5,0,6,3,HER,4,29,13,91,14,20.0,12.2,29.7,32.3,41.9,12.9,12.9,0.151,0.287
2023,677.0,Naranjeros de Hermosillo,676939,Jimmy Herron,7,LF,92,12.0,35.0,0.0,0,0.188,0.0,5.0,1.0,6.0,369,4.011,9.8,15.2,0.0,0.643,0.0,2.0,0.0,22,169,30,64,9,6,15,1,1,5,5,HER,0,14,9,78,12,0.0,8.1,17.8,35.9,31.2,17.2,15.6,0.0539999999999999,0.236
2023,677.0,Naranjeros de Hermosillo,680636,Ramon Mendoza,5,3B,44,10.0,22.0,1.0,0,0.179,2.0,0.0,1.0,7.0,168,3.818,2.3,29.5,0.023,0.077,0.095,1.0,0.0,10,81,24,30,1,2,11,1,0,2,3,HER,1,13,1,42,6,9.1,14.3,29.6,36.7,46.7,13.3,3.3,0.2719999999999999,0.184
2023,677.0,Naranjeros de Hermosillo,675970,Alex Robles,4,2B,66,9.0,34.0,3.0,0,0.178,1.0,2.0,4.0,8.0,243,3.682,6.1,18.2,0.0,0.333,0.018,0.0,0.0,8,108,20,48,5,1,26,1,0,3,4,HER,0,12,4,57,8,0.0,8.2,18.5,18.8,62.5,8.3,10.4,0.121,0.188
2023,677.0,Naranjeros de Hermosillo,657733,Roberto Ramos,3,1B,64,12.0,28.0,0.0,0,0.214,3.0,1.0,0.0,3.0,285,4.453,17.2,35.9,0.016,0.478,0.096,2.0,0.0,7,119,45,29,4,1,10,2,0,5,0,HER,1,23,11,52,7,11.1,15.8,37.8,31.0,34.5,20.7,13.8,0.187,0.263
2023,677.0,Naranjeros de Hermosillo,459441,Maxwell Leon,3,1B,10,1.0,5.0,0.0,0,0.111,0.0,0.0,0.0,2.0,31,3.1,10.0,0.0,0.0,,0.0,0.0,0.0,4,13,1,9,0,1,3,0,0,0,1,HER,0,0,1,9,1,0.0,3.2,7.7,44.4,44.4,11.1,0.0,-0.1,0.167
2023,677.0,Naranjeros de Hermosillo,572868,Anthony Giansanti,9,RF,29,3.0,20.0,0.0,0,0.118,1.0,0.0,1.0,6.0,119,4.103,17.2,24.1,0.0,0.714,0.042,0.0,0.0,5,60,24,17,4,0,6,0,0,1,1,HER,0,7,5,24,2,0.0,20.2,40.0,29.4,41.2,5.9,23.5,0.069,0.205
2023,677.0,Naranjeros de Hermosillo,805441,Andres Figueroa,X,X,1,0.0,0.0,0.0,0,,0.0,0.0,0.0,0.0,3,3.0,0.0,100.0,0.0,,0.0,0.0,0.0,0,2,2,0,0,0,0,0,0,0,0,HER,0,1,0,1,0,,66.7,100.0,,,,,1.0,0.0
2023,678.0,Tomateros de Culiacan,687019,Andrés Alvarez,6,SS,209,79.0,83.0,1.0,1,0.369,12.0,6.0,3.0,24.0,765,3.66,6.7,20.1,0.024,0.333,0.118,0.0,1.0,26,367,101,147,15,4,45,9,0,20,28,CUL,5,42,14,187,57,14.3,13.2,27.5,23.8,49.7,16.3,10.2,0.134,0.373
2023,678.0,Tomateros de Culiacan,540204,Ramon Rios,4,2B,239,82.0,74.0,11.0,0,0.311,15.0,3.0,12.0,42.0,705,2.95,3.8,3.8,0.004,1.0,0.079,2.0,0.0,34,362,30,218,20,7,92,8,0,23,34,CUL,1,9,9,216,65,2.4,4.3,8.3,19.3,57.8,13.8,9.2,0.0,0.323
2023,678.0,Tomateros de Culiacan,605480,Mallex Smith,8,CF,271,94.0,53.0,8.0,0,0.33,17.0,3.0,4.0,28.0,973,3.59,9.6,12.5,0.011,0.765,0.111,3.0,0.0,46,450,95,208,12,10,72,10,0,19,39,CUL,3,34,26,234,68,5.4,9.8,21.1,26.9,53.4,13.9,5.8,0.0289999999999999,0.355
2023,678.0,Tomateros de Culiacan,590271,Sebastián Elizalde,9,RF,211,75.0,82.0,1.0,4,0.287,11.0,1.0,4.0,29.0,784,3.716,7.1,8.5,0.024,0.833,0.111,1.0,0.0,42,348,44,177,17,8,56,5,0,30,19,CUL,5,18,15,190,54,10.6,5.6,12.6,26.6,42.4,21.5,9.6,0.014,0.336
2023,678.0,Tomateros de Culiacan,656029,Alexis Wilson,2,C,97,42.0,38.0,0.0,0,0.357,10.0,1.0,2.0,12.0,390,4.021,11.3,25.8,0.041,0.44,0.212,1.0,1.0,12,188,52,60,10,3,11,10,0,11,3,CUL,4,25,11,85,24,18.2,13.3,27.7,36.7,23.3,23.3,16.7,0.145,0.403
2023,678.0,Tomateros de Culiacan,614182,Jose Carlos Urena,9,RF,114,51.0,53.0,0.0,0,0.324,13.0,1.0,7.0,17.0,450,3.947,11.4,23.7,0.044,0.481,0.24,1.0,0.0,12,191,63,73,2,2,30,5,0,8,14,CUL,5,27,13,100,27,29.4,14.0,33.0,23.3,60.3,13.7,2.7,0.1229999999999999,0.403
2023,678.0,Tomateros de Culiacan,652999,Jesus Fabela,7,LF,188,66.0,53.0,8.0,0,0.328,16.0,5.0,4.0,26.0,684,3.638,5.9,18.1,0.011,0.324,0.134,3.0,0.0,32,309,73,138,4,4,54,7,0,18,19,CUL,2,34,11,164,44,5.1,10.7,23.6,28.3,52.9,15.9,2.9,0.122,0.332
2023,678.0,Tomateros de Culiacan,642488,Ademar Rifaela,10,DH,129,41.0,53.0,0.0,0,0.342,9.0,3.0,2.0,16.0,539,4.178,12.4,24.8,0.016,0.5,0.118,0.0,1.0,10,250,83,78,11,4,25,6,0,15,7,CUL,2,32,16,110,28,12.5,15.4,33.2,20.5,41.0,24.4,14.1,0.124,0.344
2023,678.0,Tomateros de Culiacan,500869,Emmanuel Avila,5,3B,86,23.0,32.0,4.0,0,0.304,2.0,3.0,1.0,11.0,328,3.814,9.3,16.3,0.012,0.571,0.07,0.0,0.0,11,173,33,61,5,4,23,1,0,6,11,CUL,1,14,8,71,18,8.3,10.1,19.1,19.7,55.7,16.4,8.2,0.07,0.316
2023,678.0,Tomateros de Culiacan,677605,Luis Verdugo,6,SS,125,38.0,57.0,1.0,0,0.286,8.0,2.0,2.0,11.0,479,3.832,6.4,22.4,0.016,0.286,0.105,1.0,0.0,23,224,51,87,7,6,25,6,0,12,8,CUL,2,28,8,114,26,6.9,10.6,22.8,33.3,37.9,20.7,8.0,0.16,0.296
2023,678.0,Tomateros de Culiacan,538079,Antonio Lamas,X,X,50,14.0,18.0,2.0,0,0.263,3.0,0.0,1.0,7.0,180,3.6,8.0,12.0,0.0,0.667,0.091,0.0,0.0,8,80,14,40,6,3,13,1,0,5,4,CUL,0,6,4,44,10,0.0,7.8,17.5,22.5,42.5,20.0,15.0,0.0399999999999999,0.265
2023,678.0,Tomateros de Culiacan,519434,Michael Wing,7,LF,44,12.0,29.0,0.0,0,0.348,1.0,0.0,1.0,5.0,184,4.182,9.1,36.4,0.023,0.25,0.075,1.0,0.0,5,84,24,24,3,1,6,2,2,1,4,CUL,1,16,4,40,9,14.3,13.0,28.6,29.2,41.7,8.3,20.8,0.273,0.289
2023,678.0,Tomateros de Culiacan,608841,Joey Meneses,3,1B,58,19.0,23.0,0.0,2,0.22,4.0,0.0,4.0,10.0,220,3.793,12.1,13.8,0.034,0.875,0.163,2.0,0.0,9,108,29,43,5,2,16,3,2,2,4,CUL,2,8,7,49,11,16.7,13.2,26.9,27.9,46.5,9.3,16.3,0.017,0.314
2023,678.0,Tomateros de Culiacan,666186,Thomas Dillard,3,1B,93,29.0,35.0,0.0,1,0.292,5.0,1.0,1.0,12.0,408,4.387,16.1,28.0,0.032,0.577,0.158,0.0,0.0,8,169,71,51,3,4,19,10,0,3,4,CUL,3,26,15,76,17,16.7,17.4,42.0,35.3,45.1,13.7,5.9,0.119,0.353
2023,678.0,Tomateros de Culiacan,695000,Poncho Ruiz,2,C,30,9.0,15.0,0.0,0,0.238,1.0,0.0,0.0,4.0,117,3.9,6.7,20.0,0.033,0.333,0.107,0.0,0.0,2,59,17,22,2,2,10,1,0,2,3,CUL,1,6,2,28,6,33.3,14.5,28.8,13.6,59.1,18.2,9.1,0.133,0.281
2023,678.0,Tomateros de Culiacan,598284,Peter O'Brien,3,1B,261,90.0,103.0,0.0,0,0.259,19.0,9.0,4.0,26.0,969,3.713,10.3,29.9,0.046,0.346,0.191,3.0,0.0,36,509,195,147,16,6,42,15,0,18,14,CUL,12,78,27,225,47,23.5,20.1,38.3,34.7,38.1,16.3,10.9,0.196,0.34
2023,678.0,Tomateros de Culiacan,453575,Jose Guadalupe Chavez,4,2B,62,14.0,23.0,5.0,0,0.273,2.0,1.0,1.0,13.0,235,3.79,9.7,25.8,0.016,0.375,0.08,1.0,0.0,5,95,20,39,5,2,17,3,0,2,5,CUL,1,16,6,50,10,12.5,8.5,21.1,20.5,56.4,10.3,12.8,0.161,0.263
2023,678.0,Tomateros de Culiacan,669897,Connor Owings,5,3B,41,12.0,11.0,0.0,1,0.25,3.0,1.0,0.0,4.0,169,4.122,7.3,29.3,0.024,0.25,0.139,0.0,0.0,10,73,17,25,2,2,4,4,0,1,2,CUL,1,12,3,36,7,7.1,10.1,23.3,56.0,24.0,12.0,8.0,0.2199999999999999,0.285
2023,678.0,Tomateros de Culiacan,816260,Bryan Corral,X,X,13,2.0,9.0,0.0,0,0.182,0.0,0.0,0.0,1.0,49,3.769,0.0,15.4,0.0,,0.0,0.0,0.0,3,25,6,11,0,0,6,0,0,1,1,CUL,0,2,0,13,2,0.0,12.2,24.0,27.3,63.6,9.1,0.0,0.154,0.145
2023,678.0,Tomateros de Culiacan,455378,Ali Solis,2,C,101,13.0,46.0,1.0,0,0.14,2.0,1.0,2.0,11.0,388,3.842,3.0,37.6,0.01,0.079,0.042,1.0,0.0,14,225,86,59,9,2,25,1,0,3,5,CUL,1,38,3,96,9,6.7,22.2,38.2,25.4,50.8,8.5,15.3,0.346,0.13
2023,678.0,Tomateros de Culiacan,701722,Sebastian Garcia,6,SS,1,0.0,2.0,0.0,0,0.0,0.0,0.0,0.0,0.0,7,7.0,0.0,0.0,0.0,,0.0,0.0,0.0,1,5,1,1,0,0,0,0,0,0,0,CUL,0,0,0,1,0,0.0,14.3,20.0,100.0,0.0,0.0,0.0,0.0,0.0
2023,678.0,Tomateros de Culiacan,678405,Hansen Lopez,2,C,4,0.0,3.0,0.0,0,0.0,0.0,0.0,0.0,0.0,16,4.0,25.0,50.0,0.0,0.5,0.0,0.0,0.0,0,10,6,1,0,0,1,0,0,0,0,CUL,0,2,1,3,0,,37.5,60.0,0.0,100.0,0.0,0.0,0.25,0.183
2023,678.0,Tomateros de Culiacan,641104,Carlos Mendivil,X,X,4,0.0,2.0,0.0,0,0.0,0.0,0.0,0.0,0.0,17,4.25,0.0,50.0,0.0,,0.0,0.0,0.0,0,11,6,2,0,0,2,0,0,0,0,CUL,0,2,0,4,0,,35.3,54.5,0.0,100.0,0.0,0.0,0.5,0.0
2023,679.0,Venados de Mazatlan,543875,Niko Vasquez,3,1B,145,64.0,46.0,0.0,1,0.446,13.0,3.0,5.0,22.0,579,3.993,13.1,19.3,0.021,0.679,0.164,0.0,0.0,13,239,66,95,13,4,21,7,0,19,18,MAZ,3,28,19,122,44,15.0,11.4,27.6,21.1,41.1,24.2,13.7,0.062,0.456
2023,679.0,Venados de Mazatlan,472505,Jesus Valdez,10,DH,204,81.0,81.0,0.0,0,0.351,13.0,0.0,4.0,36.0,750,3.676,4.9,11.3,0.015,0.435,0.098,6.0,0.0,36,349,65,171,24,4,45,9,0,19,34,MAZ,3,23,10,194,62,6.7,8.7,18.6,26.3,46.2,13.5,14.0,0.064,0.358
2023,679.0,Venados de Mazatlan,668165,Jose Gaitan,7,LF,215,85.0,75.0,3.0,0,0.405,18.0,0.0,3.0,32.0,819,3.809,7.4,21.4,0.009,0.348,0.117,5.0,0.0,15,408,106,153,14,7,55,12,0,22,28,MAZ,2,46,16,196,62,7.4,12.9,26.0,17.6,54.2,19.0,9.2,0.14,0.367
2023,679.0,Venados de Mazatlan,672569,Gustavo Campero,9,RF,137,48.0,32.0,2.0,1,0.383,11.0,3.0,1.0,19.0,548,4.0,12.4,15.3,0.0,0.81,0.105,0.0,0.0,15,255,56,96,11,4,30,8,0,15,13,MAZ,0,21,17,114,36,0.0,10.2,22.0,24.0,44.8,19.8,11.5,0.0289999999999999,0.391
2023,679.0,Venados de Mazatlan,692798,Italo Motta,X,X,18,9.0,9.0,0.0,0,0.357,3.0,0.0,0.0,4.0,57,3.167,0.0,22.2,0.0,,0.222,0.0,0.0,4,29,8,14,2,0,3,0,0,3,2,MAZ,0,4,0,18,5,0.0,14.0,27.6,28.6,35.7,21.4,14.3,0.222,0.351
2023,679.0,Venados de Mazatlan,608608,Carlos Munoz,3,1B,113,37.0,39.0,2.0,1,0.277,8.0,2.0,1.0,17.0,442,3.912,12.4,8.8,0.018,1.4,0.128,0.0,0.0,21,171,25,87,13,4,24,5,0,14,6,MAZ,2,10,14,94,25,7.7,5.7,14.6,29.9,34.5,20.7,14.9,-0.036,0.358
2023,679.0,Venados de Mazatlan,455369,Ramiro Pena,4,2B,278,96.0,93.0,7.0,1,0.283,18.0,0.0,2.0,40.0,1035,3.723,6.5,10.8,0.014,0.6,0.119,2.0,0.0,57,519,92,230,24,16,67,10,0,29,27,MAZ,4,30,18,252,66,6.0,8.9,17.7,29.1,40.9,19.6,10.4,0.043,0.311
2023,679.0,Venados de Mazatlan,594020,Ricardo Valenzuela,2,C,168,51.0,68.0,1.0,2,0.285,10.0,0.0,8.0,26.0,648,3.857,9.5,11.9,0.006,0.8,0.087,0.0,1.0,18,237,37,132,16,11,49,4,0,20,14,MAZ,1,20,16,149,38,4.5,5.7,15.6,16.7,47.7,23.5,12.1,0.0239999999999999,0.315
2023,679.0,Venados de Mazatlan,678499,Randy Romero,8,CF,219,63.0,68.0,6.0,1,0.291,9.0,0.0,2.0,29.0,859,3.922,3.2,17.8,0.009,0.179,0.063,1.0,0.0,28,389,81,173,24,7,64,10,0,18,22,MAZ,2,39,7,205,50,5.3,9.4,20.8,22.0,49.7,14.5,13.9,0.146,0.264
2023,679.0,Venados de Mazatlan,499926,Alex Liddi,5,3B,215,74.0,95.0,2.0,2,0.261,16.0,0.0,4.0,31.0,802,3.73,7.0,22.8,0.033,0.306,0.153,2.0,0.0,35,371,103,151,8,9,55,9,0,15,20,MAZ,7,49,15,196,44,15.9,12.8,27.8,29.1,49.7,15.9,5.3,0.158,0.3
2023,679.0,Venados de Mazatlan,678540,Brayan Quintero,4,2B,12,2.0,3.0,1.0,0,0.25,0.0,2.0,0.0,1.0,38,3.167,0.0,8.3,0.0,,0.0,1.0,0.0,1,20,3,9,0,0,6,0,1,1,0,MAZ,0,1,0,9,2,0.0,7.9,15.0,11.1,66.7,11.1,11.1,0.083,0.285
2023,679.0,Venados de Mazatlan,518402,Jose Alvarez,3,1B,142,40.0,59.0,2.0,0,0.278,9.0,4.0,5.0,21.0,486,3.423,5.6,21.1,0.007,0.267,0.094,1.0,0.0,14,265,72,100,10,2,46,9,1,11,7,MAZ,1,30,8,128,28,4.3,14.8,27.2,23.0,53.0,13.0,11.0,0.155,0.279
2023,679.0,Venados de Mazatlan,593495,Daniel Castro,6,SS,177,40.0,80.0,6.0,3,0.241,5.0,2.0,3.0,23.0,651,3.678,5.1,10.7,0.0,0.474,0.038,2.0,1.0,14,288,40,147,18,13,68,3,0,12,19,MAZ,0,19,9,157,34,0.0,6.1,13.9,11.6,59.2,17.0,12.2,0.056,0.241
2023,679.0,Venados de Mazatlan,624221,Carlos Figueroa,7,LF,31,7.0,8.0,1.0,1,0.261,1.0,0.0,1.0,4.0,100,3.226,3.2,19.4,0.0,0.167,0.036,1.0,0.0,6,46,10,24,0,2,10,0,0,2,4,MAZ,0,6,1,28,6,0.0,10.0,21.7,25.0,58.3,16.7,0.0,0.162,0.219
2023,679.0,Venados de Mazatlan,650909,Juan Rodriguez,5,3B,11,2.0,6.0,0.0,1,0.333,0.0,0.0,0.0,2.0,50,4.545,0.0,45.5,0.0,,0.0,0.0,0.0,2,29,8,6,0,1,1,0,0,0,2,MAZ,0,5,0,10,2,0.0,16.0,27.6,33.3,50.0,16.7,0.0,0.455,0.172
2023,679.0,Venados de Mazatlan,689161,Carlos Arellano,7,LF,131,30.0,50.0,5.0,0,0.247,6.0,6.0,4.0,20.0,498,3.802,6.9,19.1,0.008,0.36,0.072,3.0,0.0,21,230,50,91,11,5,32,3,1,9,9,MAZ,1,25,9,111,22,4.2,10.0,21.7,26.4,45.1,15.4,13.2,0.122,0.269
2023,679.0,Venados de Mazatlan,634496,Leo German,9,RF,129,26.0,48.0,2.0,1,0.222,5.0,2.0,0.0,14.0,481,3.729,10.9,16.3,0.0,0.667,0.055,2.0,0.0,23,222,51,92,13,3,33,4,0,6,10,MAZ,0,21,14,110,20,0.0,10.6,23.0,29.3,46.7,9.8,14.1,0.054,0.256
2023,679.0,Venados de Mazatlan,678863,Carlos Arroyo,5,3B,12,1.0,3.0,0.0,0,0.25,0.0,2.0,0.0,1.0,44,3.667,25.0,25.0,0.0,1.0,0.0,0.0,0.0,1,17,6,4,0,0,2,0,0,0,1,MAZ,0,3,3,7,1,0.0,13.6,35.3,25.0,75.0,0.0,0.0,0.0,0.389
2023,679.0,Venados de Mazatlan,685736,Cristian Mejia,2,C,51,10.0,30.0,0.0,1,0.179,2.0,0.0,1.0,10.0,186,3.647,2.0,21.6,0.0,0.091,0.061,0.0,0.0,8,110,29,39,6,4,14,2,0,3,2,MAZ,0,11,1,49,7,0.0,15.6,26.4,25.6,41.0,17.9,15.4,0.196,0.167
2023,679.0,Venados de Mazatlan,676443,Demetrius Sims,5,3B,34,9.0,26.0,1.0,0,0.143,2.0,0.0,0.0,8.0,131,3.853,8.8,23.5,0.029,0.375,0.167,0.0,0.0,7,56,18,23,2,0,10,2,0,2,0,MAZ,1,8,3,30,4,11.1,13.7,32.1,39.1,43.5,8.7,8.7,0.147,0.237
2023,679.0,Venados de Mazatlan,692473,Christopher Escarrega,2,C,36,3.0,19.0,2.0,1,0.125,0.0,0.0,2.0,9.0,130,3.611,0.0,27.8,0.0,,0.0,1.0,0.0,4,71,16,26,0,4,15,1,0,0,2,MAZ,0,10,0,33,3,0.0,12.3,22.5,19.2,65.4,15.4,0.0,0.278,0.079
2023,679.0,Venados de Mazatlan,554031,Jose Manuel Orozco,X,X,28,3.0,16.0,0.0,0,0.167,1.0,1.0,0.0,2.0,115,4.107,17.9,35.7,0.0,0.5,0.045,0.0,0.0,3,57,29,12,2,1,4,0,0,2,0,MAZ,0,10,5,22,2,0.0,25.2,50.9,25.0,33.3,25.0,16.7,0.178,0.214
2023,680.0,Yaquis de Obregon,692460,Taiki Sekine,9,RF,191,74.0,68.0,7.0,0,0.38,12.0,1.0,3.0,29.0,619,3.241,4.7,8.4,0.0,0.563,0.08,1.0,0.0,17,318,39,165,21,9,58,8,0,15,37,OBR,0,16,9,174,60,0.0,6.3,12.3,15.2,57.6,14.5,12.7,0.037,0.364
2023,680.0,Yaquis de Obregon,692979,Maikel Serrano,9,RF,55,24.0,24.0,0.0,1,0.366,5.0,1.0,3.0,11.0,167,3.036,5.5,16.4,0.018,0.333,0.16,1.0,0.0,3,97,19,42,1,1,21,2,1,8,5,OBR,1,9,3,50,16,20.0,11.4,19.6,11.9,61.9,21.4,4.8,0.109,0.375
2023,680.0,Yaquis de Obregon,642707,Allen Córdoba,8,CF,298,101.0,93.0,6.0,1,0.367,13.0,7.0,6.0,37.0,1200,4.027,9.7,13.1,0.007,0.744,0.078,6.0,0.0,37,535,84,223,13,6,86,11,1,30,39,OBR,2,39,29,255,81,4.2,7.0,15.7,21.5,56.1,16.1,6.3,0.034,0.373
2023,680.0,Yaquis de Obregon,669392,Samad Taylor,7,LF,32,9.0,6.0,0.0,1,0.45,0.0,0.0,0.0,4.0,128,4.0,6.3,31.3,0.0,0.2,0.0,1.0,0.0,2,52,19,20,0,1,8,2,0,2,5,OBR,0,10,2,29,9,0.0,14.8,36.5,20.0,65.0,15.0,0.0,0.25,0.311
2023,680.0,Yaquis de Obregon,661148,Carlos Sepulveda,4,2B,284,92.0,98.0,6.0,4,0.35,17.0,4.0,1.0,52.0,1209,4.257,12.7,13.0,0.004,0.973,0.09,0.0,1.0,30,487,67,207,20,10,76,11,0,30,30,OBR,1,37,36,234,71,2.4,5.5,13.8,19.8,51.2,19.3,9.7,0.003,0.359
2023,680.0,Yaquis de Obregon,593471,Isaias Tejeda,3,1B,94,41.0,43.0,0.0,0,0.338,10.0,0.0,6.0,18.0,366,3.894,5.3,22.3,0.032,0.238,0.18,1.0,0.0,13,153,39,68,6,4,20,4,0,11,10,OBR,3,21,5,89,25,17.6,10.7,25.5,25.0,44.1,22.1,8.8,0.17,0.362
2023,680.0,Yaquis de Obregon,519068,Efren Navarro,3,1B,240,83.0,101.0,0.0,1,0.317,17.0,1.0,6.0,35.0,988,4.117,12.1,18.3,0.021,0.659,0.129,1.0,0.0,43,377,62,166,8,8,51,10,1,27,18,OBR,5,44,29,209,56,9.4,6.3,16.4,31.9,41.6,21.1,5.4,0.062,0.353
2023,680.0,Yaquis de Obregon,681944,Dean Nevarez,10,DH,103,32.0,43.0,0.0,0,0.322,7.0,2.0,2.0,12.0,410,3.981,19.4,19.4,0.019,1.0,0.136,1.0,0.0,12,178,57,61,5,4,19,5,0,10,6,OBR,2,20,20,81,21,11.8,13.9,32.0,27.9,41.0,23.0,8.2,0.0,0.394
2023,680.0,Yaquis de Obregon,805950,Antonis Macias,7,LF,14,3.0,9.0,0.0,1,0.333,0.0,0.0,0.0,1.0,68,4.857,7.1,28.6,0.0,0.25,0.0,0.0,0.0,1,28,8,9,0,0,5,0,0,1,2,OBR,0,4,1,12,3,0.0,11.8,28.6,11.1,77.8,11.1,0.0,0.2149999999999999,0.254
2023,680.0,Yaquis de Obregon,641323,Luis Aviles Jr.,7,LF,63,17.0,34.0,1.0,0,0.292,3.0,0.0,5.0,14.0,215,3.413,6.3,15.9,0.0,0.4,0.052,0.0,0.0,6,121,32,49,4,4,21,2,1,7,4,OBR,0,10,4,58,14,0.0,14.9,26.4,16.3,51.0,22.4,10.2,0.096,0.276
2023,680.0,Yaquis de Obregon,628336,José Miguel Fernández,10,DH,53,12.0,19.0,0.0,0,0.297,1.0,0.0,2.0,4.0,206,3.887,13.2,17.0,0.0,0.778,0.022,0.0,0.0,5,91,9,37,0,4,17,0,0,5,6,OBR,0,9,7,46,11,0.0,4.4,9.9,13.5,62.2,24.3,0.0,0.038,0.272
2023,680.0,Yaquis de Obregon,682761,Josuan Hernandez,7,LF,25,6.0,6.0,0.0,2,0.25,1.0,0.0,1.0,4.0,104,4.16,8.0,12.0,0.0,0.667,0.048,1.0,0.0,8,50,12,20,0,1,6,1,0,2,2,OBR,0,3,2,21,5,0.0,11.5,24.0,45.0,40.0,15.0,0.0,0.0399999999999999,0.264
2023,680.0,Yaquis de Obregon,510612,Francisco Cordoba,2,C,118,33.0,53.0,6.0,0,0.265,6.0,4.0,3.0,18.0,464,3.932,10.2,21.2,0.025,0.48,0.125,1.0,0.0,8,207,47,77,20,2,26,5,0,7,9,OBR,3,25,12,96,21,23.1,10.1,22.7,16.9,45.5,11.7,26.0,0.11,0.312
2023,680.0,Yaquis de Obregon,622700,Santiago Chávez,2,C,97,21.0,33.0,4.0,1,0.321,3.0,3.0,1.0,9.0,329,3.392,6.2,28.9,0.0,0.214,0.036,2.0,0.0,7,169,52,60,4,5,26,2,0,7,9,OBR,0,28,6,83,18,0.0,15.8,30.8,15.0,58.3,20.0,6.7,0.2269999999999999,0.257
2023,680.0,Yaquis de Obregon,656172,Arel Campoy,X,X,19,4.0,7.0,3.0,0,0.273,1.0,1.0,0.0,2.0,80,4.211,5.3,15.8,0.0,0.333,0.071,0.0,0.0,2,29,9,14,2,2,5,2,0,1,0,OBR,0,3,1,14,3,0.0,11.2,31.0,28.6,35.7,21.4,14.3,0.105,0.249
2023,680.0,Yaquis de Obregon,571685,Anthony García,9,RF,62,25.0,26.0,0.0,2,0.175,6.0,2.0,3.0,12.0,226,3.645,9.7,16.1,0.065,0.6,0.269,0.0,0.0,14,101,25,44,5,3,11,3,0,6,2,OBR,4,10,6,52,11,23.5,11.1,24.8,38.6,29.5,20.5,11.4,0.064,0.36
2023,680.0,Yaquis de Obregon,622047,Fernando Perez,10,DH,93,29.0,41.0,0.0,0,0.304,8.0,0.0,1.0,7.0,391,4.204,7.5,31.2,0.011,0.241,0.128,2.0,0.0,10,222,82,57,6,2,21,3,0,8,7,OBR,1,29,7,86,18,7.7,21.0,36.9,22.8,49.1,17.5,10.5,0.237,0.287
2023,680.0,Yaquis de Obregon,656449,Henry Gatewood,5,3B,181,65.0,76.0,1.0,3,0.264,14.0,1.0,2.0,25.0,723,3.994,9.4,34.3,0.05,0.274,0.201,2.0,1.0,28,361,147,101,10,6,24,9,0,12,12,OBR,9,62,17,159,33,24.3,20.3,40.7,36.6,35.6,17.8,9.9,0.249,0.321
2023,680.0,Yaquis de Obregon,692944,Kevin Villavicencio,6,SS,48,12.0,26.0,3.0,0,0.3,2.0,0.0,1.0,9.0,146,3.042,2.1,29.2,0.0,0.071,0.068,0.0,0.0,6,88,31,33,1,2,15,2,0,3,4,OBR,0,14,1,44,9,0.0,21.2,35.2,24.2,57.6,15.2,3.0,0.2709999999999999,0.217
2023,680.0,Yaquis de Obregon,585251,Juan Carlos Gamboa,6,SS,220,55.0,75.0,4.0,0,0.213,11.0,4.0,7.0,29.0,885,4.023,11.8,20.5,0.023,0.578,0.113,1.0,0.0,37,371,83,145,13,8,53,6,0,15,13,OBR,5,45,26,186,34,11.6,9.4,22.4,29.7,45.5,15.9,9.0,0.087,0.28
2023,680.0,Yaquis de Obregon,649966,Luis Urías,5,3B,100,24.0,39.0,0.0,0,0.188,5.0,3.0,2.0,14.0,398,3.98,12.0,14.0,0.02,0.857,0.106,1.0,0.0,17,182,36,71,13,7,19,6,0,6,3,OBR,2,14,12,85,15,8.7,9.0,19.8,32.4,31.0,18.3,18.3,0.02,0.283
2023,680.0,Yaquis de Obregon,685771,Alfredo Hurtado,2,C,12,2.0,8.0,0.0,0,0.222,0.0,0.0,1.0,1.0,39,3.25,0.0,25.0,0.0,,0.0,1.0,0.0,1,24,5,9,0,0,6,1,0,0,1,OBR,0,3,0,12,2,0.0,12.8,20.8,22.2,77.8,0.0,0.0,0.25,0.157
2023,680.0,Yaquis de Obregon,679701,Ben Aklinski,7,LF,51,12.0,18.0,0.0,1,0.161,4.0,1.0,0.0,5.0,205,4.02,13.7,21.6,0.02,0.636,0.143,1.0,1.0,11,89,22,32,1,2,12,2,0,3,1,OBR,1,11,7,42,6,7.7,10.7,24.7,40.6,40.6,15.6,3.1,0.0789999999999999,0.262
2023,680.0,Yaquis de Obregon,641684,Michael Hermosillo,9,RF,46,9.0,23.0,0.0,0,0.138,2.0,2.0,1.0,8.0,165,3.587,8.7,21.7,0.022,0.4,0.1,0.0,0.0,7,81,20,30,3,1,14,0,0,3,2,OBR,1,10,4,40,5,14.3,12.1,24.7,23.3,53.3,13.3,10.0,0.13,0.237
2023,680.0,Yaquis de Obregon,701812,Rogelio Cobos,X,X,11,1.0,3.0,0.0,0,0.143,0.0,0.0,0.0,2.0,49,4.455,18.2,18.2,0.0,1.0,0.0,0.0,0.0,1,16,2,7,1,1,3,0,0,1,0,OBR,0,2,2,9,1,0.0,4.1,12.5,14.3,42.9,28.6,14.3,0.0,0.219
2023,680.0,Yaquis de Obregon,802888,Victor Marquez,6,SS,22,4.0,13.0,2.0,0,0.1,1.0,0.0,0.0,3.0,80,3.636,0.0,0.0,0.0,,0.1,0.0,0.0,1,41,9,22,1,2,16,0,1,0,1,OBR,0,0,0,20,2,0.0,11.2,22.0,4.5,77.3,9.1,9.1,0.0,0.121
2023,680.0,Yaquis de Obregon,669137,Armando Alvarez,9,RF,4,0.0,1.0,0.0,0,0.0,0.0,0.0,0.0,0.0,17,4.25,0.0,50.0,0.0,,0.0,0.0,0.0,1,9,3,2,0,0,1,0,0,0,0,OBR,0,2,0,4,0,0.0,17.6,33.3,50.0,50.0,0.0,0.0,0.5,0.0
2023,680.0,Yaquis de Obregon,622666,Johan Camargo,7,LF,13,0.0,6.0,0.0,0,0.0,0.0,0.0,1.0,1.0,68,5.231,23.1,38.5,0.0,0.6,0.0,0.0,0.0,2,25,9,5,0,0,3,0,0,0,0,OBR,0,5,3,10,0,0.0,13.2,36.0,40.0,60.0,0.0,0.0,0.154,0.169
2023,680.0,Yaquis de Obregon,661150,Andres Martin,X,X,7,0.0,1.0,0.0,0,0.0,0.0,0.0,0.0,0.0,28,4.0,0.0,14.3,0.0,,0.0,0.0,0.0,1,13,1,6,0,0,5,0,0,0,0,OBR,0,1,0,7,0,0.0,3.6,7.7,16.7,83.3,0.0,0.0,0.143,0.0
2023,680.0,Yaquis de Obregon,692941,Hector Mora,3,1B,2,0.0,2.0,0.0,0,0.0,0.0,0.0,0.0,0.0,6,3.0,0.0,0.0,0.0,,0.0,0.0,0.0,0,3,1,2,1,1,0,0,0,0,0,OBR,0,0,0,2,0,,16.7,33.3,0.0,0.0,50.0,50.0,0.0,0.0
2023,680.0,Yaquis de Obregon,617244,Taishi Ohta,10,DH,24,0.0,6.0,0.0,0,0.0,0.0,0.0,0.0,2.0,94,3.917,4.2,45.8,0.0,0.091,0.0,2.0,0.0,5,50,23,12,0,1,6,0,0,0,0,OBR,0,11,1,23,0,0.0,24.5,46.0,41.7,50.0,8.3,0.0,0.416,0.03
2023,680.0,Yaquis de Obregon,701980,Nestor Rios,2,C,2,0.0,2.0,0.0,0,0.0,0.0,0.0,0.0,1.0,8,4.0,0.0,50.0,0.0,,0.0,0.0,0.0,0,6,4,1,0,0,1,0,0,0,0,OBR,0,1,0,2,0,,50.0,66.7,0.0,100.0,0.0,0.0,0.5,0.0
2023,5482.0,Algodoneros de Guasave,660436,Yadir Drake,3,1B,247,87.0,89.0,2.0,0,0.324,19.0,5.0,12.0,42.0,880,3.563,12.1,8.1,0.008,1.5,0.114,2.0,0.0,31,388,61,192,11,12,75,4,2,27,30,GSV,2,20,30,210,63,5.7,6.9,15.7,18.2,54.7,20.3,6.8,-0.0399999999999999,0.382
2023,5482.0,Algodoneros de Guasave,604996,Carlos Garzon,2,C,23,6.0,9.0,0.0,0,0.4,0.0,0.0,1.0,4.0,77,3.348,8.7,26.1,0.0,0.333,0.0,0.0,0.0,1,35,12,15,1,2,5,1,0,2,3,GSV,0,6,2,21,6,0.0,15.6,34.3,13.3,53.3,26.7,6.7,0.174,0.31
2023,5482.0,Algodoneros de Guasave,477399,Jesse Castillo,3,1B,173,50.0,61.0,0.0,1,0.315,7.0,2.0,1.0,18.0,636,3.676,21.4,13.3,0.017,1.609,0.098,0.0,0.0,26,289,64,111,15,8,25,8,1,21,7,GSV,3,23,37,133,37,8.8,10.1,22.1,30.6,28.8,26.1,14.4,-0.0809999999999999,0.374
2023,5482.0,Algodoneros de Guasave,674504,Francisco Hernandez,8,CF,86,25.0,30.0,2.0,0,0.328,3.0,1.0,0.0,12.0,322,3.744,5.8,16.3,0.0,0.357,0.051,0.0,0.0,15,147,25,66,4,2,24,5,0,11,5,GSV,0,14,5,78,21,0.0,7.8,17.0,30.3,43.9,19.7,6.1,0.105,0.3
2023,5482.0,Algodoneros de Guasave,698795,Yoelkis Guibert,8,CF,217,77.0,62.0,3.0,3,0.326,18.0,1.0,0.0,22.0,830,3.825,9.2,23.5,0.018,0.392,0.147,3.0,0.0,22,355,89,145,13,11,50,3,1,27,18,GSV,4,51,20,190,49,16.0,10.7,25.1,17.2,46.9,26.2,9.7,0.143,0.338
2023,5482.0,Algodoneros de Guasave,592312,Jorge Flores,6,SS,255,78.0,93.0,2.0,1,0.311,17.0,5.0,6.0,26.0,976,3.827,12.9,18.0,0.008,0.717,0.112,0.0,1.0,39,379,69,171,13,10,55,10,1,30,13,GSV,2,46,33,214,54,4.1,7.1,18.2,28.7,39.8,23.4,8.2,0.0509999999999999,0.348
2023,5482.0,Algodoneros de Guasave,660840,Jose Lizarraga,2,C,78,17.0,19.0,4.0,0,0.296,1.0,1.0,0.0,12.0,264,3.385,11.5,12.8,0.0,0.9,0.016,0.0,0.0,9,121,23,58,4,2,27,2,0,10,4,GSV,0,10,9,64,16,0.0,8.7,19.0,19.0,53.4,20.7,6.9,0.0129999999999999,0.293
2023,5482.0,Algodoneros de Guasave,641555,J.C. Escarra,9,RF,58,15.0,9.0,1.0,1,0.25,3.0,1.0,1.0,7.0,219,3.776,22.4,10.3,0.017,2.167,0.119,0.0,0.0,11,72,9,38,1,2,14,1,1,6,2,GSV,1,6,13,42,10,8.3,4.1,12.5,31.6,42.1,21.1,5.3,-0.121,0.364
2023,5482.0,Algodoneros de Guasave,672361,Agustin Ruiz,9,RF,178,63.0,78.0,4.0,1,0.311,15.0,3.0,1.0,30.0,721,4.051,7.3,28.1,0.028,0.26,0.166,2.0,0.0,22,334,99,112,15,6,32,7,0,21,9,GSV,5,50,13,157,37,17.2,13.7,29.6,25.9,36.6,24.1,13.4,0.208,0.324
2023,5482.0,Algodoneros de Guasave,685694,Keven Lamas,4,2B,51,14.0,29.0,0.0,0,0.282,3.0,0.0,1.0,9.0,205,4.02,5.9,17.6,0.0,0.333,0.063,2.0,0.0,12,92,20,39,5,0,11,1,1,6,3,GSV,0,9,3,48,11,0.0,9.8,21.7,33.3,35.9,15.4,15.4,0.1169999999999999,0.271
2023,5482.0,Algodoneros de Guasave,606019,Esteban Quiroz,4,2B,178,43.0,63.0,1.0,1,0.27,10.0,6.0,2.0,24.0,789,4.433,17.4,15.7,0.006,1.107,0.086,1.0,0.0,22,279,65,113,16,9,35,7,1,17,6,GSV,1,28,31,139,31,3.4,8.2,23.3,25.7,36.3,23.0,15.0,-0.0169999999999999,0.345
2023,5482.0,Algodoneros de Guasave,811366,Brandon Jaime,2,C,11,3.0,6.0,0.0,1,0.222,1.0,1.0,0.0,2.0,44,4.0,0.0,9.1,0.0,,0.111,0.0,0.0,4,20,4,9,1,0,2,0,0,2,0,GSV,0,1,0,9,2,0.0,9.1,20.0,44.4,22.2,22.2,11.1,0.091,0.278
2023,5482.0,Algodoneros de Guasave,674706,Alan Lopez,4,2B,107,22.0,31.0,1.0,0,0.364,2.0,2.0,2.0,11.0,435,4.065,13.1,32.7,0.0,0.4,0.022,1.0,0.0,7,194,64,56,2,7,20,2,0,8,10,GSV,0,35,14,90,20,0.0,14.7,33.0,16.1,53.6,26.8,3.6,0.196,0.294
2023,5482.0,Algodoneros de Guasave,501731,Rainel Rosario,7,LF,277,99.0,136.0,0.0,1,0.273,24.0,1.0,4.0,39.0,1132,4.087,11.9,28.2,0.04,0.423,0.19,3.0,0.0,38,500,140,165,27,7,40,9,0,29,15,GSV,11,78,33,242,53,23.4,12.4,28.0,28.5,33.3,21.8,16.4,0.1629999999999999,0.339
2023,5482.0,Algodoneros de Guasave,458501,Luis Alfonso Cruz,3,1B,88,23.0,50.0,0.0,0,0.239,4.0,0.0,3.0,20.0,284,3.227,8.0,14.8,0.011,0.538,0.074,1.0,0.0,11,150,28,68,10,7,23,2,0,10,5,GSV,1,13,7,81,17,7.7,9.9,18.7,19.1,41.2,25.0,14.7,0.0679999999999999,0.269
2023,5482.0,Algodoneros de Guasave,545150,Ramon R Ramirez,7,LF,29,5.0,21.0,0.0,1,0.294,0.0,0.0,0.0,5.0,124,4.276,6.9,34.5,0.0,0.2,0.0,0.0,0.0,6,60,25,17,1,2,3,0,0,3,2,GSV,0,10,2,26,5,0.0,20.2,41.7,35.3,29.4,29.4,5.9,0.2759999999999999,0.213
2023,5482.0,Algodoneros de Guasave,669315,Orlando Pina,5,3B,187,55.0,107.0,0.0,2,0.216,12.0,1.0,6.0,32.0,741,3.963,9.6,24.6,0.032,0.391,0.145,0.0,2.0,32,308,98,122,10,16,33,8,0,14,9,GSV,6,46,18,166,31,15.0,13.2,31.8,32.8,34.4,24.6,8.2,0.15,0.286
2023,5482.0,Algodoneros de Guasave,510548,Jose Heberto Felix,2,C,129,22.0,64.0,4.0,0,0.194,1.0,1.0,5.0,20.0,425,3.295,2.3,10.1,0.0,0.231,0.008,2.0,0.0,14,231,38,112,12,15,50,0,1,11,9,GSV,0,13,3,121,21,0.0,8.9,16.5,12.5,52.7,23.2,11.6,0.078,0.18
2023,5482.0,Algodoneros de Guasave,653245,Kristian Delgado,4,2B,32,4.0,12.0,0.0,1,0.25,0.0,3.0,1.0,3.0,118,3.688,9.4,31.3,0.0,0.3,0.0,0.0,0.0,2,56,19,16,4,0,6,0,0,1,3,GSV,0,10,3,25,4,0.0,16.1,33.9,12.5,56.2,6.2,25.0,0.219,0.258
2023,5482.0,Algodoneros de Guasave,652669,Angel Erro,5,3B,96,12.0,40.0,2.0,0,0.164,0.0,3.0,3.0,15.0,344,3.583,6.3,12.5,0.0,0.5,0.0,4.0,0.0,10,151,23,75,8,6,39,0,1,2,9,GSV,0,12,6,85,12,0.0,6.7,15.2,13.3,64.0,10.7,12.0,0.062,0.18
2023,5482.0,Algodoneros de Guasave,807581,Randy Delgado,3,1B,1,0.0,0.0,0.0,0,,0.0,0.0,0.0,0.0,3,3.0,0.0,100.0,0.0,,0.0,0.0,0.0,0,3,3,0,0,0,0,0,0,0,0,GSV,0,1,0,1,0,,100.0,100.0,,,,,1.0,0.0
2023,5482.0,Algodoneros de Guasave,585133,Arturo Rodriguez,2,C,2,0.0,1.0,0.0,0,0.0,0.0,0.0,0.0,0.0,10,5.0,0.0,0.0,0.0,,0.0,0.0,0.0,0,7,1,2,1,0,1,0,0,0,0,GSV,0,0,0,2,0,,10.0,14.3,0.0,50.0,0.0,50.0,0.0,0.0
2023,5482.0,Algodoneros de Guasave,692261,Jose Villa,X,X,10,0.0,5.0,0.0,0,0.0,0.0,0.0,0.0,0.0,43,4.3,0.0,70.0,0.0,,0.0,0.0,0.0,1,17,10,3,1,0,1,0,0,0,0,GSV,0,7,0,10,0,0.0,23.3,58.8,33.3,33.3,0.0,33.3,0.7,0.0
2023,5483.0,Sultanes de Monterrey,672438,Roberto Valenzuela,6,SS,226,86.0,59.0,1.0,1,0.358,17.0,2.0,5.0,30.0,943,4.173,13.7,7.5,0.009,1.824,0.115,2.0,0.0,30,383,50,176,10,4,68,10,0,30,24,MTY,2,17,31,191,64,5.0,5.3,13.1,22.7,52.3,19.3,5.7,-0.062,0.408
2023,5483.0,Sultanes de Monterrey,680643,Juan Mora,4,2B,135,47.0,61.0,1.0,0,0.375,8.0,2.0,5.0,26.0,456,3.378,5.2,15.6,0.0,0.333,0.064,1.0,2.0,16,245,39,105,4,4,42,5,0,13,21,MTY,0,21,7,125,39,0.0,8.6,15.9,20.0,60.0,16.2,3.8,0.104,0.346
2023,5483.0,Sultanes de Monterrey,640460,Dustin Peterson,9,RF,165,63.0,76.0,0.0,1,0.374,11.0,3.0,1.0,13.0,626,3.794,12.7,22.4,0.03,0.568,0.15,1.0,0.0,20,277,65,104,11,6,25,9,0,17,16,MTY,5,37,21,140,42,17.2,10.4,23.5,27.9,39.4,22.1,10.6,0.097,0.393
2023,5483.0,Sultanes de Monterrey,661311,Brandon Villarreal,9,RF,214,62.0,93.0,6.0,2,0.333,5.0,7.0,1.0,32.0,734,3.43,2.8,12.6,0.0,0.222,0.031,3.0,0.0,29,363,48,174,16,6,67,10,0,19,27,MTY,0,27,6,193,56,0.0,6.5,13.2,22.4,54.0,14.4,9.2,0.098,0.304
2023,5483.0,Sultanes de Monterrey,656252,Bobby Bradley,3,1B,151,54.0,70.0,0.0,1,0.391,9.0,3.0,1.0,21.0,557,3.689,5.3,29.8,0.02,0.178,0.108,2.0,0.0,19,281,103,95,2,7,28,5,0,15,19,MTY,3,45,8,139,39,12.5,18.5,36.7,25.3,49.5,23.2,2.1,0.245,0.34
2023,5483.0,Sultanes de Monterrey,616570,Daniel Sanchez,2,C,96,38.0,48.0,1.0,1,0.292,7.0,2.0,2.0,13.0,381,3.969,8.3,16.7,0.042,0.5,0.179,1.0,0.0,3,165,26,70,4,3,37,3,0,12,8,MTY,4,16,8,84,23,66.7,6.8,15.8,8.6,64.3,21.4,5.7,0.084,0.37
2023,5483.0,Sultanes de Monterrey,624523,Riley Unroe,4,2B,143,35.0,57.0,1.0,2,0.333,4.0,1.0,5.0,26.0,573,4.007,16.1,17.5,0.0,0.92,0.034,1.0,0.0,27,260,73,94,7,6,23,1,1,12,17,MTY,0,25,23,116,31,0.0,12.7,28.1,29.8,42.6,19.1,8.5,0.0139999999999999,0.339
2023,5483.0,Sultanes de Monterrey,680710,Grant Witherspoon,8,CF,228,94.0,98.0,1.0,3,0.288,25.0,1.0,6.0,42.0,902,3.956,13.6,25.9,0.048,0.525,0.245,1.0,0.0,30,401,148,137,16,4,40,15,0,18,14,MTY,11,59,31,192,47,24.4,16.4,36.9,32.8,39.4,16.1,11.7,0.123,0.376
2023,5483.0,Sultanes de Monterrey,616404,Edson Garcia,7,LF,150,48.0,40.0,2.0,0,0.277,11.0,4.0,1.0,9.0,613,4.087,11.3,15.3,0.02,0.739,0.134,0.0,0.0,20,290,76,106,17,6,32,5,0,19,7,MTY,3,23,17,127,31,12.0,12.4,26.2,23.6,36.8,23.6,16.0,0.0399999999999999,0.346
2023,5483.0,Sultanes de Monterrey,669911,Michael Toglia,3,1B,118,50.0,51.0,0.0,2,0.328,13.0,1.0,1.0,17.0,480,4.068,13.6,32.2,0.042,0.421,0.263,2.0,0.0,17,217,86,63,7,4,11,6,0,15,3,MTY,5,38,16,99,24,21.7,17.9,39.6,36.5,22.2,30.2,11.1,0.186,0.365
2023,5483.0,Sultanes de Monterrey,673374,Cesar Mendoza,10,DH,106,30.0,35.0,0.0,1,0.3,6.0,2.0,3.0,17.0,421,3.972,11.3,19.8,0.009,0.571,0.088,2.0,1.0,15,207,43,71,4,4,26,5,0,11,6,MTY,1,21,12,91,22,5.0,10.2,20.8,28.2,45.1,21.1,5.6,0.085,0.325
2023,5483.0,Sultanes de Monterrey,679701,Ben Aklinski,7,LF,54,13.0,22.0,0.0,0,0.286,2.0,3.0,0.0,11.0,205,3.796,16.7,13.0,0.0,1.286,0.071,1.0,0.0,11,83,22,35,3,1,10,2,0,3,5,MTY,0,7,9,42,10,0.0,10.7,26.5,37.1,42.9,11.4,8.6,-0.037,0.348
2023,5483.0,Sultanes de Monterrey,594096,Gilberto Galaviz,2,C,19,4.0,4.0,0.0,0,0.286,0.0,0.0,0.0,3.0,76,4.0,5.3,21.1,0.0,0.25,0.0,0.0,1.0,0,40,13,14,0,1,9,1,0,1,2,MTY,0,4,1,18,4,0.0,17.1,32.5,7.1,78.6,14.3,0.0,0.158,0.237
2023,5483.0,Sultanes de Monterrey,675202,Juan Kirk,2,C,77,20.0,45.0,1.0,0,0.298,3.0,0.0,2.0,11.0,306,3.974,10.4,26.0,0.013,0.4,0.074,0.0,0.0,4,140,40,49,9,3,18,5,0,6,4,MTY,1,20,8,68,15,11.1,13.1,28.6,18.4,44.9,18.4,18.4,0.156,0.287
2023,5483.0,Sultanes de Monterrey,622047,Fernando Perez,10,DH,101,25.0,53.0,0.0,1,0.295,4.0,1.0,2.0,17.0,396,3.921,11.9,25.7,0.01,0.462,0.069,1.0,0.0,14,194,65,62,4,3,22,3,0,11,5,MTY,1,26,12,87,19,5.9,16.4,33.5,27.4,43.5,22.6,6.5,0.138,0.283
2023,5483.0,Sultanes de Monterrey,659253,Aldo Flores,5,3B,79,14.0,42.0,1.0,0,0.256,3.0,1.0,3.0,14.0,328,4.152,19.0,24.1,0.0,0.789,0.048,0.0,0.0,8,152,46,44,5,0,20,1,0,4,6,MTY,0,19,15,62,11,0.0,14.0,30.3,20.5,59.1,9.1,11.4,0.0509999999999999,0.268
2023,5483.0,Sultanes de Monterrey,592261,Delino DeShields,8,CF,56,12.0,21.0,2.0,0,0.235,3.0,0.0,1.0,7.0,209,3.732,10.7,25.0,0.0,0.429,0.083,1.0,0.0,11,95,31,36,4,3,10,1,0,3,4,MTY,0,14,6,48,8,0.0,14.8,32.6,33.3,38.9,16.7,11.1,0.143,0.242
2023,5483.0,Sultanes de Monterrey,495664,Ricardo Serrano,5,3B,128,24.0,68.0,2.0,0,0.214,3.0,0.0,4.0,17.0,516,4.031,15.6,26.6,0.016,0.588,0.066,1.0,0.0,18,286,81,74,7,3,29,3,0,7,7,MTY,2,34,20,106,17,9.5,15.7,28.3,28.4,48.6,13.5,9.5,0.11,0.257
2023,5483.0,Sultanes de Monterrey,624221,Carlos Figueroa,7,LF,45,7.0,20.0,1.0,0,0.214,1.0,0.0,0.0,7.0,163,3.622,13.3,22.2,0.0,0.6,0.026,1.0,0.0,5,61,17,29,6,3,9,0,0,2,4,MTY,0,10,6,38,6,0.0,10.4,27.9,17.2,44.8,17.2,20.7,0.089,0.232
2023,5483.0,Sultanes de Monterrey,549930,Alberto Carreon,4,2B,56,8.0,16.0,3.0,0,0.179,1.0,3.0,0.0,5.0,207,3.696,7.1,12.5,0.0,0.571,0.022,0.0,0.0,7,101,25,42,2,5,21,2,0,5,0,MTY,0,7,4,46,7,0.0,12.1,24.8,21.4,50.0,23.8,4.8,0.054,0.218
2023,5483.0,Sultanes de Monterrey,616569,Diego Madero,5,3B,12,2.0,5.0,1.0,0,0.125,1.0,0.0,0.0,1.0,57,4.75,25.0,0.0,0.0,,0.125,0.0,0.0,2,24,0,9,0,0,6,0,0,1,0,MTY,0,0,3,8,1,0.0,0.0,0.0,22.2,66.7,11.1,0.0,-0.25,0.296
2023,5483.0,Sultanes de Monterrey,697779,Jose Robledo,X,X,37,3.0,29.0,0.0,0,0.136,0.0,0.0,0.0,3.0,124,3.351,2.7,37.8,0.0,0.071,0.0,0.0,0.0,5,77,29,22,1,2,11,0,0,3,0,MTY,0,14,1,36,3,0.0,23.4,37.7,22.7,50.0,22.7,4.5,0.351,0.096
2023,5483.0,Sultanes de Monterrey,811361,Joel Flores,X,X,5,0.0,5.0,0.0,0,0.0,0.0,0.0,1.0,1.0,17,3.4,0.0,40.0,0.0,,0.0,0.0,0.0,1,9,3,3,0,0,2,0,0,0,0,MTY,0,2,0,5,0,0.0,17.6,33.3,33.3,66.7,0.0,0.0,0.4,0.0
2023,5483.0,Sultanes de Monterrey,585133,Arturo Rodriguez,X,X,1,0.0,2.0,0.0,0,0.0,0.0,0.0,0.0,0.0,5,5.0,0.0,0.0,0.0,,0.0,0.0,0.0,0,2,1,1,0,0,1,0,0,0,0,MTY,0,0,0,1,0,,20.0,50.0,0.0,100.0,0.0,0.0,0.0,0.0
2023,5483.0,Sultanes de Monterrey,808023,Joseph Sequera,2,C,3,0.0,3.0,0.0,0,0.0,0.0,0.0,0.0,1.0,10,3.333,0.0,66.7,0.0,,0.0,0.0,0.0,1,7,2,1,0,0,0,0,0,0,0,MTY,0,2,0,3,0,0.0,20.0,28.6,100.0,0.0,0.0,0.0,0.667,0.0
2023,,,458501,Luis Alfonso Cruz,,"3B,1B",124,,,,0,0.202,,,,,413,,8.1,14.5,0.0080645161290322,0.5555555555555556,,,,18,215,45,95,18,9,30,4,0,11,5,2 Teams,1,18,10,113,20,4.5,10.9,20.9,23.2,36.8,21.1,18.9,,0.244
2023,,,572868,Anthony Giansanti,,"RF,LF",59,,,,0,0.056,,,,,238,,15.3,22.0,0.0169491525423728,0.6923076923076923,,,,10,118,38,37,8,2,14,0,0,2,1,2 Teams,1,13,9,50,3,10.0,16.0,32.2,27.0,40.5,10.8,21.6,,0.189
2023,,,585133,Arturo Rodriguez,,"C,X",3,,,,0,0.0,,,,,15,,0.0,0.0,0.0,,,,,0,9,2,3,1,0,2,0,0,0,0,2 Teams,0,0,0,3,0,,13.3,22.2,0.0,66.7,0.0,33.3,,0.0
2023,,,594096,Gilberto Galaviz,,C,30,,,,0,0.227,,,,,123,,6.7,16.7,0.0,0.4,,,,2,62,19,22,0,3,12,1,0,1,3,2 Teams,0,5,2,27,5,0.0,15.4,30.6,13.6,68.2,18.2,0.0,,0.231
2023,,,608608,Carlos Munoz,,"X,1B",119,,,,1,0.27,,,,,462,,11.8,8.4,0.0168067226890756,1.4,,,,23,181,26,93,13,4,27,5,0,15,6,2 Teams,2,10,14,100,26,7.1,5.6,14.4,30.1,35.5,20.4,14.0,,0.348
2023,,,616404,Edson Garcia,,"X,LF",164,,,,0,0.276,,,,,667,,10.4,18.9,0.0182926829268292,0.5483870967741935,,,,21,317,88,111,18,7,33,5,0,20,7,2 Teams,3,31,17,139,32,11.5,13.2,27.8,23.4,36.0,24.3,16.2,,0.327
2023,,,622047,Fernando Perez,,DH,194,,,,1,0.299,,,,,787,,9.8,28.4,0.0103092783505154,0.3454545454545454,,,,24,416,147,119,10,5,43,6,0,19,12,2 Teams,2,55,19,173,37,6.7,18.7,35.3,25.2,46.2,20.2,8.4,,0.284
2023,,,624221,Carlos Figueroa,,LF,76,,,,1,0.235,,,,,263,,9.2,21.1,0.0,0.4375,,,,11,107,27,53,6,5,19,0,0,4,8,2 Teams,0,16,7,66,12,0.0,10.3,25.2,20.8,50.9,17.0,11.3,,0.227
2023,,,641104,Carlos Mendivil,,"DH,X",7,,,,0,0.0,,,,,30,,14.3,28.6,0.0,0.5,,,,0,16,7,4,0,0,4,0,0,0,0,2 Teams,0,2,1,6,0,,23.3,43.8,0.0,100.0,0.0,0.0,,0.104
2023,,,679701,Ben Aklinski,,LF,105,,,,1,0.227,,,,,410,,15.2,17.1,0.0095238095238095,0.8888888888888888,,,,22,172,44,67,4,3,22,4,0,6,6,2 Teams,1,18,16,84,16,3.8,10.7,25.6,38.8,41.8,13.4,6.0,,0.306
2023,,,692979,Maikel Serrano,,"RF,LF",169,,,,2,0.422,,,,,586,,7.7,14.8,0.0059171597633136,0.52,,,,14,329,83,129,5,4,51,13,1,16,25,2 Teams,1,25,13,152,55,3.7,14.2,25.2,20.9,58.9,15.5,4.7,,0.395
