season,team_id,team_name,player_id,Name,POS,G,GO,R,2B,3B,HR,K,BB,IBB,H,HBP,AVG,AB,OBP,SLG,OPS,CS,SB,SB%,GIDP,numP,PA,TB,RBI,LOB,sacBunts,SF,BABIP,GO/FO,AB/HR,team,1B
2022,673.0,Aguilas de Mexicali,689161,Carlos Arellano,LF,16,11,2,2,0,0,7,2,0,12,1,0.316,38,0.366,0.368,0.734,1,0,0.0,0,154,43,14,5,14,2,0,0.387,1.1,,MXC,
2022,673.0,Aguilas de Mexicali,434562,Chris Roberson,RF,9,6,4,1,0,0,6,3,0,10,1,0.313,32,0.378,0.344,0.722,0,2,100.0,0,158,37,11,2,16,0,1,0.37,0.55,,MXC,
2022,673.0,Aguilas de Mexicali,681944,Dean Nevarez,X,5,1,0,0,0,0,4,0,0,2,0,0.286,7,0.286,0.286,0.572,0,0,,0,28,7,2,1,5,0,0,0.667,1.0,,MXC,
2022,673.0,Aguilas de Mexicali,511428,Leo Heras,CF,58,42,26,4,5,2,41,32,2,47,2,0.273,172,0.389,0.39,0.779,6,8,57.1,0,860,208,67,25,77,0,2,0.344,0.95,86.0,MXC,
2022,673.0,Aguilas de Mexicali,608608,Carlos Munoz,1B,11,9,2,1,0,0,4,4,1,9,0,0.273,33,0.351,0.303,0.654,0,1,100.0,2,135,37,10,3,17,0,0,0.31,0.82,,MXC,
2022,673.0,Aguilas de Mexicali,471906,Reynaldo Rodriguez,1B,57,54,29,10,3,4,33,17,0,57,1,0.259,220,0.311,0.386,0.697,2,9,81.8,6,914,241,85,25,99,0,3,0.285,0.68,55.0,MXC,
2022,673.0,Aguilas de Mexicali,572868,Anthony Giansanti,LF,62,60,32,17,1,10,47,29,2,58,3,0.251,231,0.342,0.463,0.805,2,2,50.0,7,1077,265,107,34,95,2,0,0.276,0.88,23.1,MXC,
2022,673.0,Aguilas de Mexicali,543875,Niko Vasquez,3B,62,57,30,8,0,8,38,36,1,53,2,0.248,214,0.357,0.397,0.754,1,2,66.7,3,959,255,85,33,108,0,3,0.263,0.83,26.75,MXC,
2022,673.0,Aguilas de Mexicali,594988,Scott Schebler,RF,29,28,11,3,0,1,26,10,2,26,4,0.243,107,0.325,0.299,0.624,2,2,50.0,0,475,123,32,14,42,0,2,0.305,0.97,107.0,MXC,
2022,673.0,Aguilas de Mexicali,663796,Coco Montes,SS,33,22,10,4,1,0,24,9,0,28,2,0.228,123,0.285,0.276,0.561,3,2,40.0,2,492,138,34,8,51,1,3,0.275,0.42,,MXC,
2022,673.0,Aguilas de Mexicali,595373,Jack Reinheimer,SS,19,17,3,0,0,0,14,8,1,13,0,0.217,60,0.309,0.217,0.526,1,3,75.0,0,267,68,13,2,24,0,0,0.283,1.06,,MXC,
2022,673.0,Aguilas de Mexicali,807580,Diego Ramirez,3B,13,4,2,0,0,0,5,0,0,3,0,0.214,14,0.214,0.214,0.428,1,0,0.0,1,50,14,3,1,7,0,0,0.333,2.0,,MXC,
2022,673.0,Aguilas de Mexicali,518530,Xorge Carrillo,C,61,63,12,10,0,1,32,10,0,40,6,0.208,192,0.267,0.276,0.543,0,1,100.0,8,741,216,53,15,87,6,2,0.242,0.97,192.0,MXC,
2022,673.0,Aguilas de Mexicali,662966,Bernardo Heras,2B,44,28,11,5,0,0,30,18,2,23,2,0.205,112,0.321,0.25,0.571,1,1,50.0,4,505,135,28,8,43,1,2,0.274,0.82,,MXC,
2022,673.0,Aguilas de Mexicali,518770,Alonzo Harris,RF,19,23,9,1,0,1,11,13,0,13,0,0.197,66,0.329,0.258,0.587,1,0,0.0,2,335,80,17,8,23,1,0,0.222,1.15,66.0,MXC,
2022,673.0,Aguilas de Mexicali,672906,Lazaro Alonso,DH,14,8,5,1,0,1,14,13,0,7,0,0.194,36,0.408,0.306,0.714,2,0,0.0,1,206,49,11,4,22,0,0,0.286,1.14,36.0,MXC,
2022,673.0,Aguilas de Mexicali,554333,Raul Navarro,3B,16,23,3,2,0,0,7,7,1,10,1,0.192,52,0.3,0.231,0.531,2,1,33.3,0,277,61,12,4,30,1,0,0.222,1.77,,MXC,
2022,673.0,Aguilas de Mexicali,650995,Norberto Obeso,RF,31,37,10,1,0,1,23,15,0,18,4,0.189,95,0.325,0.232,0.557,3,0,0.0,1,461,116,22,3,34,2,0,0.239,1.95,95.0,MXC,
2022,673.0,Aguilas de Mexicali,676021,Luis Santos,2B,53,41,22,3,4,0,29,18,0,26,5,0.184,141,0.297,0.262,0.559,1,7,87.5,1,696,166,37,8,72,1,1,0.23,0.87,,MXC,
2022,673.0,Aguilas de Mexicali,594092,Angel Chavarin,C,20,5,2,1,0,0,11,1,0,4,0,0.182,22,0.217,0.227,0.444,0,0,,1,95,23,5,3,13,0,0,0.364,2.5,,MXC,
2022,673.0,Aguilas de Mexicali,503429,Walter Ibarra,2B,26,27,6,2,0,0,28,6,0,17,0,0.177,96,0.221,0.198,0.419,1,0,0.0,1,432,108,19,6,39,4,2,0.243,0.9,,MXC,
2022,673.0,Aguilas de Mexicali,665870,Kevin Zamudio,DH,12,6,3,1,0,1,11,1,0,5,0,0.152,33,0.176,0.273,0.449,0,0,,3,138,34,9,3,23,0,0,0.19,0.55,33.0,MXC,
2022,673.0,Aguilas de Mexicali,672953,Gilberto Vizcarra,C,22,16,1,0,0,0,6,8,1,5,3,0.111,45,0.286,0.111,0.397,0,0,,1,205,56,5,4,22,0,0,0.128,0.89,,MXC,
2022,673.0,Aguilas de Mexicali,499926,Alex Liddi,3B,6,2,0,1,0,0,9,0,0,2,0,0.105,19,0.105,0.158,0.263,1,0,0.0,0,81,19,3,0,13,0,0,0.2,0.33,,MXC,
2022,673.0,Aguilas de Mexicali,653248,Amilcar Gomez,X,26,6,4,1,0,0,11,3,0,2,0,0.083,24,0.185,0.125,0.31,0,0,,0,114,28,3,0,13,1,0,0.154,1.0,,MXC,
2022,673.0,Aguilas de Mexicali,517370,Jimmy Paredes,DH,5,6,1,0,0,0,5,2,1,1,0,0.067,15,0.176,0.067,0.243,0,0,,0,67,17,1,1,10,0,0,0.1,2.0,,MXC,
2022,674.0,Charros de Jalisco,679589,Fernando Villegas,RF,63,56,28,13,5,5,37,18,1,70,5,0.337,208,0.399,0.519,0.918,1,0,0.0,4,869,233,108,32,86,0,2,0.387,1.19,41.6,JAL,
2022,674.0,Charros de Jalisco,650531,Brad Zunica,1B,9,6,3,2,0,0,4,5,3,9,0,0.321,28,0.424,0.393,0.817,1,0,0.0,0,101,33,11,2,17,0,0,0.375,0.67,,JAL,
2022,674.0,Charros de Jalisco,469117,Amadeo Zazueta,SS,67,95,29,14,2,1,22,9,1,88,1,0.311,283,0.332,0.385,0.717,1,0,0.0,9,999,298,109,18,128,3,2,0.332,1.14,283.0,JAL,
2022,674.0,Charros de Jalisco,645848,Dariel Álvarez,RF,33,36,14,11,1,0,13,7,1,39,3,0.3,130,0.345,0.4,0.745,1,2,66.7,3,470,142,52,11,72,0,2,0.328,0.82,,JAL,
2022,674.0,Charros de Jalisco,676140,Julian Ornelas,CF,65,56,39,9,4,8,53,26,0,68,2,0.298,228,0.375,0.478,0.853,3,8,72.7,1,1052,259,109,28,99,3,0,0.359,1.04,28.5,JAL,
2022,674.0,Charros de Jalisco,591572,Jose Aguilar,LF,38,34,13,6,1,2,25,19,0,37,3,0.296,125,0.401,0.408,0.809,1,2,66.7,1,635,148,51,18,57,1,0,0.357,1.13,62.5,JAL,
2022,674.0,Charros de Jalisco,570799,Christian Villanueva,1B,64,43,33,14,0,6,44,34,1,69,1,0.288,240,0.373,0.421,0.794,1,6,85.7,4,1064,279,101,42,111,0,4,0.325,0.49,40.0,JAL,
2022,674.0,Charros de Jalisco,524648,Alejandro Gonzalez,CF,9,4,2,1,0,1,6,9,0,7,3,0.269,26,0.5,0.423,0.923,1,0,0.0,0,176,38,11,1,7,0,0,0.316,0.44,26.0,JAL,
2022,674.0,Charros de Jalisco,519434,Michael Wing,1B,14,14,5,2,0,0,5,8,0,13,0,0.255,51,0.356,0.294,0.65,0,0,,2,237,59,15,5,24,0,0,0.283,0.74,,JAL,
2022,674.0,Charros de Jalisco,622700,Santiago Chávez,C,29,28,5,5,0,0,20,3,0,20,1,0.253,79,0.289,0.316,0.605,1,0,0.0,2,313,89,25,4,51,6,0,0.339,1.65,,JAL,
2022,674.0,Charros de Jalisco,473242,Agustin Murillo,3B,63,75,21,9,0,2,33,22,0,55,2,0.238,231,0.306,0.303,0.609,4,3,42.9,7,1026,259,70,26,120,1,3,0.266,1.04,115.5,JAL,
2022,674.0,Charros de Jalisco,547375,Sergio Perez,X,30,19,9,3,0,3,14,5,1,15,0,0.234,64,0.29,0.422,0.712,0,0,,2,267,69,27,10,35,0,0,0.255,1.19,21.33,JAL,
2022,674.0,Charros de Jalisco,668992,Missael Rivera,2B,54,48,19,10,1,2,28,21,1,39,1,0.234,167,0.319,0.341,0.66,0,0,,4,733,194,57,25,80,3,2,0.266,0.84,83.5,JAL,
2022,674.0,Charros de Jalisco,616404,Edson Garcia,LF,40,20,16,7,0,0,25,12,1,21,1,0.226,93,0.321,0.301,0.622,0,2,100.0,3,444,106,28,2,33,0,0,0.309,0.74,,JAL,
2022,674.0,Charros de Jalisco,603877,Fernando Flores,C,41,25,10,9,1,0,25,18,0,25,0,0.225,111,0.326,0.324,0.65,2,0,0.0,4,550,132,36,13,54,0,3,0.281,0.64,,JAL,
2022,674.0,Charros de Jalisco,515189,Japhet Amador,DH,22,23,5,4,0,0,21,9,0,16,0,0.195,82,0.275,0.244,0.519,0,0,,4,378,91,20,2,47,0,0,0.262,1.05,,JAL,
2022,674.0,Charros de Jalisco,501647,Wilin Rosario,1B,8,9,1,0,0,1,7,0,0,6,0,0.182,33,0.176,0.273,0.449,0,0,,3,117,34,9,3,22,0,1,0.192,0.75,33.0,JAL,
2022,674.0,Charros de Jalisco,497575,Manny Rodriguez,2B,19,16,5,3,0,1,14,2,0,13,4,0.181,72,0.244,0.264,0.508,0,0,,3,301,78,19,7,51,0,0,0.211,0.55,72.0,JAL,
2022,674.0,Charros de Jalisco,691858,Jared Serna,2B,20,12,2,1,0,0,6,1,0,5,0,0.161,31,0.188,0.194,0.382,0,1,100.0,0,106,33,6,0,12,1,0,0.2,1.33,,JAL,
2022,674.0,Charros de Jalisco,596671,Omar Renteria,C,11,8,2,2,0,0,5,2,0,3,0,0.15,20,0.227,0.25,0.477,0,0,,2,74,22,5,2,11,0,0,0.2,2.0,,JAL,
2022,674.0,Charros de Jalisco,542979,Keon Broxton,CF,5,4,1,0,0,0,13,2,0,1,0,0.05,20,0.136,0.05,0.186,0,0,,1,93,22,1,0,19,0,0,0.143,2.0,,JAL,
2022,674.0,Charros de Jalisco,571531,Sergio Burruel,C,5,2,0,0,0,0,0,0,0,0,1,0.0,4,0.2,0.0,0.2,0,0,,0,15,5,0,0,2,0,0,0.0,1.0,,JAL,
2022,674.0,Charros de Jalisco,680029,Oziel Flores,X,5,0,2,0,0,0,1,0,0,0,0,0.0,2,0.0,0.0,0.0,0,0,,0,4,2,0,0,3,0,0,0.0,0.0,,JAL,
2022,674.0,Charros de Jalisco,672361,Agustin Ruiz,CF,4,2,0,0,0,0,1,1,0,0,0,0.0,5,0.167,0.0,0.167,0,0,,0,31,6,0,0,5,0,0,0.0,1.0,,JAL,
2022,675.0,Caneros de los Mochis,681909,Justin Dean,RF,67,52,37,11,7,2,61,34,0,83,4,0.343,242,0.431,0.471,0.902,7,16,69.6,3,1163,285,114,34,97,4,1,0.45,1.02,121.0,MOC,
2022,675.0,Caneros de los Mochis,630111,Yasmany Tomás,1B,66,60,33,17,0,10,62,25,9,85,0,0.328,259,0.383,0.51,0.893,2,4,66.7,10,1049,287,132,57,111,0,3,0.395,1.09,25.9,MOC,
2022,675.0,Caneros de los Mochis,616613,Rodolfo Amador,3B,64,79,31,14,0,5,38,16,3,77,4,0.308,250,0.355,0.424,0.779,1,1,50.0,9,950,279,106,38,120,0,3,0.343,1.34,50.0,MOC,
2022,675.0,Caneros de los Mochis,696535,Brayan Mendoza,LF,51,21,12,3,0,1,25,4,0,21,0,0.284,74,0.321,0.365,0.686,2,2,50.0,3,275,80,27,8,31,2,0,0.417,2.33,74.0,MOC,
2022,675.0,Caneros de los Mochis,665455,Isaac Rodriguez,2B,66,87,40,15,3,3,40,28,1,74,4,0.281,263,0.358,0.395,0.753,5,10,66.7,8,1262,301,104,16,74,5,1,0.321,1.28,87.67,MOC,
2022,675.0,Caneros de los Mochis,668616,Marco Jaime,SS,65,84,36,5,2,3,33,24,1,63,1,0.273,231,0.341,0.351,0.692,2,7,77.8,6,955,265,81,16,84,7,2,0.305,1.4,77.0,MOC,
2022,675.0,Caneros de los Mochis,664279,Wagner Lagrange,LF,31,34,11,8,0,3,24,9,1,31,2,0.272,114,0.336,0.421,0.757,0,1,100.0,5,504,125,48,15,44,0,0,0.322,1.36,38.0,MOC,
2022,675.0,Caneros de los Mochis,676020,Javier Sanchez,X,10,5,4,0,1,0,6,2,0,5,1,0.263,19,0.348,0.368,0.716,0,1,100.0,1,82,23,7,2,8,0,1,0.357,1.25,,MOC,
2022,675.0,Caneros de los Mochis,672906,Lazaro Alonso,DH,12,11,4,1,0,2,15,3,0,11,0,0.256,43,0.298,0.419,0.717,0,0,,3,182,47,18,6,20,0,1,0.333,1.57,21.5,MOC,
2022,675.0,Caneros de los Mochis,703060,Alejandro Urias,C,1,0,1,0,0,0,1,0,0,1,0,0.25,4,0.25,0.25,0.5,0,0,,0,21,4,1,0,2,0,0,0.333,0.0,,MOC,
2022,675.0,Caneros de los Mochis,701010,Roque Salinas,RF,4,4,3,0,0,1,0,1,0,3,1,0.231,13,0.333,0.462,0.795,0,0,,0,55,15,6,2,6,0,0,0.167,0.67,13.0,MOC,
2022,675.0,Caneros de los Mochis,654118,Eric Meza,1B,35,37,10,1,0,4,22,4,0,24,3,0.226,106,0.267,0.349,0.616,1,0,0.0,2,396,116,37,19,45,0,3,0.241,1.42,26.5,MOC,
2022,675.0,Caneros de los Mochis,677977,Edgar Robles,CF,55,66,22,3,0,0,34,18,0,37,4,0.208,178,0.294,0.225,0.519,1,2,66.7,2,765,207,40,10,74,6,1,0.255,1.38,,MOC,
2022,675.0,Caneros de los Mochis,660842,Juan Uriarte,C,46,42,14,7,0,4,41,8,0,30,7,0.203,148,0.273,0.331,0.604,0,0,,3,595,168,49,19,81,3,2,0.248,1.05,37.0,MOC,
2022,675.0,Caneros de los Mochis,681944,Dean Nevarez,DH,9,9,2,0,0,1,10,4,0,6,0,0.182,33,0.27,0.273,0.543,0,0,,1,143,37,9,1,14,0,0,0.227,1.13,33.0,MOC,
2022,675.0,Caneros de los Mochis,701033,Jorge Rivera,SS,11,12,1,0,0,0,4,1,0,4,0,0.174,23,0.208,0.174,0.382,0,0,,0,78,24,4,1,10,0,0,0.211,4.0,,MOC,
2022,675.0,Caneros de los Mochis,622194,Bruce Maxwell,C,43,51,12,3,0,2,28,26,0,23,1,0.169,136,0.305,0.235,0.54,0,0,,2,709,164,32,12,70,0,1,0.196,1.46,68.0,MOC,
2022,675.0,Caneros de los Mochis,678767,Jose Zepeda,2B,10,8,1,0,0,0,8,0,0,3,0,0.143,21,0.143,0.143,0.286,1,0,0.0,1,85,21,3,2,7,0,0,0.231,4.0,,MOC,
2022,675.0,Caneros de los Mochis,660518,Juan Camacho,DH,25,16,3,3,0,1,18,2,0,8,0,0.127,63,0.154,0.222,0.376,0,0,,1,227,65,14,3,28,0,0,0.159,0.76,63.0,MOC,
2022,675.0,Caneros de los Mochis,682841,Michael Robles,3B,9,8,1,0,0,1,5,0,0,2,0,0.091,22,0.091,0.227,0.318,1,0,0.0,0,82,23,5,3,8,1,0,0.063,1.0,22.0,MOC,
2022,675.0,Caneros de los Mochis,803125,Jose Orrantia,X,9,4,3,1,0,0,6,2,0,1,0,0.077,13,0.2,0.154,0.354,0,0,,0,57,16,2,0,7,1,0,0.143,1.33,,MOC,
2022,675.0,Caneros de los Mochis,802580,Roberto Castro,LF,4,0,0,0,0,0,5,1,0,0,0,0.0,6,0.143,0.0,0.143,0,0,,0,35,7,0,0,5,0,0,0.0,0.0,,MOC,
2022,675.0,Caneros de los Mochis,703070,Loidel Chapelli,DH,3,1,1,0,0,0,6,1,0,0,0,0.0,8,0.111,0.0,0.111,0,0,,0,42,9,0,0,7,0,0,0.0,1.0,,MOC,
2022,675.0,Caneros de los Mochis,698880,Juan Haro,C,1,0,0,0,0,0,1,0,0,0,0,0.0,2,0.0,0.0,0.0,0,0,,0,9,2,0,0,0,0,0,0.0,0.0,,MOC,
2022,675.0,Caneros de los Mochis,679893,Manuel Urias,P,10,0,0,0,0,0,0,0,0,0,0,0.0,0,0.0,0.0,0.0,0,0,,0,0,0,0,0,0,0,0,,,,MOC,
2022,676.0,Mayos de Navojoa,680023,Daniel Mercado,X,2,0,1,1,0,0,0,0,0,1,0,0.5,2,0.5,1.0,1.5,0,0,,0,4,2,2,1,0,0,0,0.5,0.0,,NAV,
2022,676.0,Mayos de Navojoa,682761,Josuan Hernandez,1B,33,43,15,10,0,1,15,11,0,35,3,0.294,119,0.363,0.403,0.766,2,4,66.7,3,556,136,48,12,54,1,2,0.324,1.48,119.0,NAV,
2022,676.0,Mayos de Navojoa,468359,Olmo Rosario,LF,27,31,15,4,0,2,14,12,0,29,3,0.293,99,0.383,0.394,0.777,0,1,100.0,5,465,115,39,9,38,0,1,0.321,1.19,49.5,NAV,
2022,676.0,Mayos de Navojoa,693408,Raico Santos,CF,12,14,8,2,0,0,3,6,0,13,1,0.283,46,0.37,0.326,0.696,3,1,25.0,0,186,56,15,4,21,2,1,0.295,0.74,,NAV,
2022,676.0,Mayos de Navojoa,634739,Miguel Guzman,LF,65,90,23,6,0,0,35,4,0,65,0,0.273,238,0.283,0.298,0.581,4,6,60.0,6,865,250,71,23,85,6,2,0.317,1.61,,NAV,
2022,676.0,Mayos de Navojoa,653001,Samar Leyva,SS,68,84,29,14,1,2,29,15,0,70,6,0.269,260,0.32,0.354,0.674,8,3,27.3,6,1003,292,92,23,87,8,3,0.293,0.95,130.0,NAV,
2022,676.0,Mayos de Navojoa,664215,Zach Nehrir,CF,44,26,26,5,0,1,44,21,0,39,2,0.255,153,0.348,0.307,0.655,2,9,81.8,1,759,179,47,13,42,1,2,0.345,0.55,153.0,NAV,
2022,676.0,Mayos de Navojoa,664921,Ian Sagdal,DH,68,69,22,15,3,4,49,34,4,61,2,0.247,247,0.34,0.381,0.721,3,6,66.7,4,1173,289,94,31,93,4,2,0.291,0.93,61.75,NAV,
2022,676.0,Mayos de Navojoa,587275,Alan Espinoza,C,57,48,27,10,1,7,42,17,0,48,3,0.242,198,0.311,0.409,0.72,1,0,0.0,3,857,220,81,26,87,1,1,0.273,0.77,28.29,NAV,
2022,676.0,Mayos de Navojoa,617918,Marco Chicuate,C,22,16,5,1,0,2,8,0,0,12,1,0.24,50,0.255,0.38,0.635,0,0,,1,180,51,19,10,30,0,0,0.25,1.14,25.0,NAV,
2022,676.0,Mayos de Navojoa,653245,Kristian Delgado,3B,26,21,8,7,0,1,14,5,0,17,2,0.236,72,0.304,0.375,0.679,1,1,50.0,0,320,83,27,10,25,4,0,0.281,0.88,72.0,NAV,
2022,676.0,Mayos de Navojoa,595937,Shawon Dunston Jr.,CF,5,5,1,1,0,0,6,2,0,4,0,0.235,17,0.316,0.294,0.61,0,0,,0,81,20,5,1,2,1,0,0.364,1.67,,NAV,
2022,676.0,Mayos de Navojoa,661313,Asael Sanchez,RF,40,32,14,3,1,2,40,13,0,29,0,0.225,129,0.294,0.31,0.604,3,0,0.0,1,561,146,40,14,58,3,1,0.307,1.0,64.5,NAV,
2022,676.0,Mayos de Navojoa,675993,Zach Kirtley,3B,65,28,27,19,0,7,92,29,0,49,5,0.218,225,0.319,0.396,0.715,1,2,66.7,5,1186,261,89,36,129,1,1,0.331,0.48,32.14,NAV,
2022,676.0,Mayos de Navojoa,477644,Christian Zazueta,RF,21,9,2,0,0,0,10,1,0,9,0,0.214,42,0.233,0.214,0.447,1,0,0.0,0,166,43,9,1,21,0,0,0.281,0.64,,NAV,
2022,676.0,Mayos de Navojoa,657634,Grant Kay,DH,12,9,5,1,0,0,13,3,0,8,0,0.211,38,0.262,0.237,0.499,0,2,100.0,1,168,42,9,2,20,0,1,0.308,1.0,,NAV,
2022,676.0,Mayos de Navojoa,674840,Jorge Sesma,RF,38,12,6,0,0,0,6,1,0,6,2,0.194,31,0.257,0.194,0.451,2,0,0.0,0,139,37,6,2,16,2,1,0.231,1.2,,NAV,
2022,676.0,Mayos de Navojoa,675585,Jorge Gonzalez,X,7,5,2,0,0,0,6,2,0,3,0,0.188,16,0.278,0.188,0.466,0,2,100.0,1,72,18,3,0,3,0,0,0.3,2.5,,NAV,
2022,676.0,Mayos de Navojoa,608608,Carlos Munoz,1B,39,24,9,5,0,0,17,11,0,18,2,0.188,96,0.284,0.24,0.524,0,0,,2,461,109,23,6,53,0,0,0.228,0.65,,NAV,
2022,676.0,Mayos de Navojoa,605011,Moises Gutierrez,2B,33,16,3,3,0,1,31,5,0,14,1,0.167,84,0.222,0.238,0.46,2,1,33.3,0,363,93,20,8,34,3,0,0.25,0.62,84.0,NAV,
2022,676.0,Mayos de Navojoa,611319,Jesus Arredondo,X,27,18,2,2,0,1,9,5,1,5,1,0.132,38,0.25,0.263,0.513,0,0,,2,181,45,10,1,20,1,0,0.143,2.57,38.0,NAV,
2022,676.0,Mayos de Navojoa,608380,Drew Ward,1B,5,6,3,0,0,0,4,4,0,1,1,0.077,13,0.333,0.077,0.41,0,0,,0,78,18,1,0,10,0,0,0.111,3.0,,NAV,
2022,676.0,Mayos de Navojoa,696116,Hector Estrada,RF,1,0,1,0,0,0,0,0,0,0,0,0.0,0,0.0,0.0,0.0,0,0,,0,0,0,0,0,0,0,0,,,,NAV,
2022,676.0,Mayos de Navojoa,511648,Antonio Garzon,P,33,0,0,0,0,0,0,0,0,0,0,0.0,0,0.0,0.0,0.0,0,0,,0,0,0,0,0,0,0,0,,,,NAV,
2022,676.0,Mayos de Navojoa,660850,Juan Robles,P,31,0,0,0,0,0,0,0,0,0,0,0.0,0,0.0,0.0,0.0,0,0,,0,0,0,0,0,0,0,0,,,,NAV,
2022,677.0,Naranjeros de Hermosillo,606143,Alejandro Mejia,DH,7,5,4,1,0,2,2,4,1,9,0,0.429,21,0.5,0.762,1.262,0,0,,0,101,26,16,11,10,0,1,0.389,0.83,10.5,HER,
2022,677.0,Naranjeros de Hermosillo,606580,Jose Cardona,CF,61,64,35,13,1,1,24,15,1,77,3,0.313,246,0.356,0.386,0.742,8,29,78.4,6,942,267,95,37,103,0,3,0.339,0.76,246.0,HER,
2022,677.0,Naranjeros de Hermosillo,657051,Nicholas Torres,RF,62,58,38,12,2,8,62,29,0,68,8,0.304,224,0.393,0.482,0.875,4,15,78.9,3,1070,268,108,39,90,1,6,0.375,1.35,28.0,HER,
2022,677.0,Naranjeros de Hermosillo,661270,Roel Santos,LF,58,70,33,10,6,2,38,20,2,72,2,0.303,238,0.362,0.42,0.782,11,15,57.7,5,972,267,100,18,95,7,0,0.354,1.08,119.0,HER,
2022,677.0,Naranjeros de Hermosillo,676761,Irving Lopez,2B,55,57,22,7,0,2,19,22,0,43,2,0.287,150,0.381,0.373,0.754,1,3,75.0,6,741,180,56,20,64,4,2,0.313,1.54,75.0,HER,
2022,677.0,Naranjeros de Hermosillo,662962,Jasson Atondo,SS,54,80,28,12,1,0,14,14,0,56,0,0.284,197,0.329,0.355,0.684,2,9,81.8,7,750,216,70,16,75,3,2,0.303,1.54,,HER,
2022,677.0,Naranjeros de Hermosillo,608380,Drew Ward,1B,9,8,1,1,0,0,9,6,1,8,0,0.276,29,0.4,0.31,0.71,0,0,,0,154,35,9,1,6,0,0,0.4,2.0,,HER,
2022,677.0,Naranjeros de Hermosillo,458501,Luis Alfonso Cruz,2B,60,55,25,11,0,7,18,13,1,62,3,0.272,228,0.318,0.412,0.73,0,0,,6,802,246,94,31,115,1,1,0.27,0.58,32.57,HER,
2022,677.0,Naranjeros de Hermosillo,459441,Maxwell Leon,LF,36,19,14,6,1,2,22,10,1,24,0,0.242,99,0.312,0.384,0.696,0,1,100.0,1,426,110,38,13,49,1,0,0.293,0.54,49.5,HER,
2022,677.0,Naranjeros de Hermosillo,680636,Ramon Mendoza,3B,25,16,12,3,0,0,10,6,0,15,1,0.234,64,0.31,0.281,0.591,1,0,0.0,3,279,72,18,3,33,1,0,0.278,0.67,,HER,
2022,677.0,Naranjeros de Hermosillo,663967,César Salazar,C,41,34,11,4,0,1,25,14,0,33,3,0.232,142,0.309,0.282,0.591,0,0,,4,607,164,40,17,56,2,3,0.269,0.62,142.0,HER,
2022,677.0,Naranjeros de Hermosillo,656965,Chase Simpson,3B,15,14,5,5,0,1,14,10,1,12,1,0.226,53,0.354,0.377,0.731,1,1,50.0,0,255,65,20,9,32,0,1,0.282,1.0,53.0,HER,
2022,677.0,Naranjeros de Hermosillo,807587,Angel Ramirez,X,23,4,4,0,0,0,2,0,0,2,0,0.222,9,0.222,0.222,0.444,1,1,50.0,0,31,9,2,1,3,0,0,0.286,4.0,,HER,
2022,677.0,Naranjeros de Hermosillo,642221,Kean Wong,2B,8,3,4,1,0,0,5,7,0,5,1,0.208,24,0.394,0.25,0.644,0,2,100.0,0,143,33,6,2,16,0,1,0.25,0.25,,HER,
2022,677.0,Naranjeros de Hermosillo,642299,Alejandro Flores,1B,34,17,8,1,0,2,31,15,0,21,0,0.206,102,0.308,0.275,0.583,2,2,50.0,0,460,118,28,5,53,1,0,0.275,0.5,51.0,HER,
2022,677.0,Naranjeros de Hermosillo,503429,Walter Ibarra,2B,13,13,5,1,2,0,9,10,1,8,0,0.19,42,0.346,0.31,0.656,2,0,0.0,1,199,54,13,4,19,2,0,0.242,0.93,,HER,
2022,677.0,Naranjeros de Hermosillo,650995,Norberto Obeso,LF,12,14,3,0,0,0,8,6,0,8,1,0.19,42,0.306,0.19,0.496,1,3,75.0,1,189,49,8,2,26,0,0,0.235,1.17,,HER,
2022,677.0,Naranjeros de Hermosillo,594988,Scott Schebler,LF,9,4,2,0,0,0,14,3,0,6,1,0.188,32,0.263,0.188,0.451,0,0,,1,156,38,6,3,22,0,2,0.3,0.4,,HER,
2022,677.0,Naranjeros de Hermosillo,624645,Julian Leon,C,23,10,11,4,0,2,23,7,0,13,3,0.186,70,0.288,0.329,0.617,0,0,,2,312,80,23,5,34,0,0,0.244,0.42,35.0,HER,
2022,677.0,Naranjeros de Hermosillo,803376,Angel Camacho,2B,16,7,4,0,0,0,8,1,0,5,0,0.179,28,0.207,0.179,0.386,0,0,,2,130,29,5,1,18,0,0,0.25,0.88,,HER,
2022,677.0,Naranjeros de Hermosillo,657733,Roberto Ramos,1B,41,18,12,1,0,7,54,18,0,25,0,0.177,141,0.267,0.333,0.6,1,1,50.0,0,667,161,47,20,70,0,2,0.22,0.39,20.14,HER,
2022,677.0,Naranjeros de Hermosillo,805441,Andres Figueroa,C,6,1,3,1,0,0,4,0,0,1,0,0.143,7,0.143,0.286,0.429,0,0,,0,33,8,2,0,6,1,0,0.333,0.5,,HER,
2022,677.0,Naranjeros de Hermosillo,670623,Isaac Paredes,3B,24,19,9,3,0,2,16,18,0,10,2,0.125,80,0.297,0.238,0.535,0,0,,2,429,101,19,7,43,0,1,0.127,0.53,40.0,HER,
2022,677.0,Naranjeros de Hermosillo,691490,German Duarte,X,1,0,0,0,0,0,1,0,0,0,0,0.0,1,0.0,0.0,0.0,0,0,,0,7,1,0,0,1,0,0,,,,HER,
2022,677.0,Naranjeros de Hermosillo,595413,Kenneth Sigman,P,19,0,0,0,0,0,0,0,0,0,0,0.0,0,0.0,0.0,0.0,0,0,,0,0,0,0,0,0,0,0,,,,HER,
2022,678.0,Tomateros de Culiacan,455369,Ramiro Pena,2B,50,46,23,11,1,5,20,21,0,53,2,0.294,180,0.373,0.45,0.823,2,3,60.0,5,801,208,81,23,57,4,1,0.308,0.7,36.0,CUL,
2022,678.0,Tomateros de Culiacan,652999,Jesus Fabela,CF,48,46,20,9,1,3,31,15,0,49,5,0.287,171,0.358,0.404,0.762,7,4,36.4,5,711,194,69,16,61,1,2,0.331,0.96,57.0,CUL,
2022,678.0,Tomateros de Culiacan,616569,Diego Madero,2B,42,26,11,4,1,1,10,2,0,27,1,0.276,98,0.297,0.367,0.664,1,3,75.0,1,339,102,36,6,37,1,0,0.299,0.72,98.0,CUL,
2022,678.0,Tomateros de Culiacan,538079,Antonio Lamas,X,16,6,1,1,0,1,9,1,0,7,0,0.269,26,0.296,0.423,0.719,2,0,0.0,0,130,27,11,2,6,0,0,0.375,1.5,26.0,CUL,
2022,678.0,Tomateros de Culiacan,608841,Joey Meneses,LF,14,15,4,3,0,1,7,10,1,12,0,0.267,45,0.4,0.4,0.8,3,0,0.0,3,231,55,18,8,16,0,0,0.297,1.36,45.0,CUL,
2022,678.0,Tomateros de Culiacan,590271,Sebastián Elizalde,RF,68,72,24,10,2,1,18,18,1,68,3,0.264,258,0.316,0.329,0.645,6,13,68.4,7,1026,282,85,25,114,0,3,0.277,0.7,258.0,CUL,
2022,678.0,Tomateros de Culiacan,519068,Efren Navarro,1B,66,56,17,5,0,1,51,27,2,58,1,0.262,221,0.336,0.299,0.635,0,3,100.0,6,1025,256,66,27,81,0,7,0.324,0.89,221.0,CUL,
2022,678.0,Tomateros de Culiacan,641104,Carlos Mendivil,X,41,26,2,2,0,0,13,3,0,18,0,0.261,69,0.292,0.29,0.582,1,0,0.0,0,265,72,20,7,17,0,0,0.321,2.17,,CUL,
2022,678.0,Tomateros de Culiacan,500869,Emmanuel Avila,3B,67,72,22,6,0,2,23,14,1,48,6,0.244,197,0.313,0.305,0.618,3,4,57.1,5,700,220,60,7,87,3,0,0.267,1.26,98.5,CUL,
2022,678.0,Tomateros de Culiacan,453575,Jose Guadalupe Chavez,SS,56,37,16,8,1,1,39,24,0,39,2,0.229,170,0.332,0.306,0.638,2,4,66.7,3,828,197,52,13,65,1,0,0.292,0.66,170.0,CUL,
2022,678.0,Tomateros de Culiacan,594906,Alfredo Lopez,LF,27,26,12,2,0,0,14,15,0,19,2,0.226,84,0.356,0.25,0.606,2,4,66.7,3,402,101,21,4,30,0,0,0.271,1.04,,CUL,
2022,678.0,Tomateros de Culiacan,807596,Christian Lucero,LF,13,3,0,1,0,0,4,0,0,2,1,0.222,9,0.3,0.333,0.633,0,0,,0,30,10,3,1,3,0,0,0.4,3.0,,CUL,
2022,678.0,Tomateros de Culiacan,546366,Francisco Lugo,LF,39,40,7,3,0,1,13,1,0,18,0,0.214,84,0.224,0.286,0.51,0,0,,5,324,88,24,6,48,3,0,0.243,2.5,84.0,CUL,
2022,678.0,Tomateros de Culiacan,455378,Ali Solis,C,45,34,12,11,0,4,38,4,0,29,0,0.213,136,0.231,0.382,0.613,0,1,100.0,2,535,146,52,17,62,3,3,0.258,0.83,34.0,CUL,
2022,678.0,Tomateros de Culiacan,656462,Isiah Gilliam,DH,27,26,14,8,1,2,24,15,0,20,0,0.2,100,0.302,0.36,0.662,3,4,57.1,4,433,116,36,11,70,0,1,0.24,0.84,50.0,CUL,
2022,678.0,Tomateros de Culiacan,656029,Alexis Wilson,C,30,14,10,5,0,0,22,8,0,17,1,0.2,85,0.274,0.259,0.533,0,1,100.0,3,359,96,22,8,39,1,1,0.266,0.41,,CUL,
2022,678.0,Tomateros de Culiacan,663550,Trey Cabbage,LF,20,14,5,2,0,2,36,3,0,13,1,0.181,72,0.224,0.292,0.516,3,2,40.0,0,296,77,21,3,30,1,0,0.324,1.4,36.0,CUL,
2022,678.0,Tomateros de Culiacan,656448,Stone Garrett,CF,21,16,4,2,0,1,28,6,0,12,3,0.162,74,0.253,0.23,0.483,1,0,0.0,3,317,83,17,4,33,0,0,0.244,0.89,74.0,CUL,
2022,678.0,Tomateros de Culiacan,802560,Ichiro Cano,SS,5,3,1,0,1,0,2,0,0,1,0,0.143,7,0.143,0.429,0.572,0,0,,0,19,7,3,1,3,0,0,0.2,3.0,,CUL,
2022,678.0,Tomateros de Culiacan,698916,Rosman Verdugo,X,14,6,2,1,0,0,7,3,0,3,2,0.13,23,0.286,0.174,0.46,0,2,100.0,0,102,28,4,2,8,0,0,0.188,0.86,,CUL,
2022,678.0,Tomateros de Culiacan,666784,Omar Estévez,CF,5,6,2,0,0,0,3,1,0,2,0,0.118,17,0.167,0.118,0.285,0,1,100.0,0,77,18,2,0,6,0,0,0.143,1.0,,CUL,
2022,678.0,Tomateros de Culiacan,643549,Taylor Snyder,LF,16,11,5,0,0,1,16,4,0,6,0,0.111,54,0.172,0.167,0.339,0,1,100.0,0,209,58,9,3,29,0,0,0.135,0.52,54.0,CUL,
2022,678.0,Tomateros de Culiacan,593604,Alberto Baldonado,P,13,0,0,0,0,0,0,0,0,0,0,0.0,0,0.0,0.0,0.0,0,0,,0,0,0,0,0,0,0,0,,,,CUL,
2022,678.0,Tomateros de Culiacan,701722,Sebastian Garcia,X,1,0,0,0,0,0,0,0,0,0,0,0.0,0,0.0,0.0,0.0,0,0,,0,0,0,0,0,0,0,0,,,,CUL,
2022,678.0,Tomateros de Culiacan,678405,Hansen Lopez,C,1,1,0,0,0,0,0,1,0,0,0,0.0,1,0.5,0.0,0.5,0,0,,0,7,2,0,0,0,0,0,0.0,1.0,,CUL,
2022,678.0,Tomateros de Culiacan,677981,Kevin Marnon,P,18,0,0,0,0,0,0,0,0,0,0,0.0,0,0.0,0.0,0.0,0,0,,0,0,0,0,0,0,0,0,,,,CUL,
2022,678.0,Tomateros de Culiacan,677775,Javier Mireles,X,16,3,3,0,0,0,1,0,0,0,0,0.0,10,0.0,0.0,0.0,0,0,,1,33,10,0,0,6,0,0,0.0,0.5,,CUL,
2022,678.0,Tomateros de Culiacan,424144,Oliver Pérez,P,23,0,0,0,0,0,0,0,0,0,0,0.0,1,0.0,0.0,0.0,0,0,,0,7,1,0,0,0,0,0,0.0,0.0,,CUL,
2022,678.0,Tomateros de Culiacan,641995,Roel Ramírez,P,14,0,0,0,0,0,0,0,0,0,0,0.0,0,0.0,0.0,0.0,0,0,,0,0,0,0,0,0,0,0,,,,CUL,
2022,678.0,Tomateros de Culiacan,653252,Sasagi Sanchez,P,27,0,0,0,0,0,0,0,0,0,0,0.0,0,0.0,0.0,0.0,0,0,,0,0,0,0,0,0,0,0,,,,CUL,
2022,679.0,Venados de Mazatlan,661312,Alfredo Meza,C,1,0,1,0,0,0,0,0,0,1,0,0.5,2,0.5,0.5,1.0,0,0,,0,6,2,1,0,1,0,0,0.5,0.0,,MAZ,
2022,679.0,Venados de Mazatlan,692473,Christopher Escarrega,C,10,3,3,1,0,1,4,1,0,6,1,0.333,18,0.381,0.556,0.937,0,0,,0,78,21,10,4,11,0,1,0.357,0.5,18.0,MAZ,
2022,679.0,Venados de Mazatlan,553891,Leonardo Reginatto,3B,26,20,6,6,0,0,18,6,0,28,0,0.298,94,0.34,0.362,0.702,2,1,33.3,2,392,101,34,8,25,1,0,0.368,0.69,,MAZ,
2022,679.0,Venados de Mazatlan,678499,Randy Romero,CF,67,81,39,11,4,2,50,7,0,75,1,0.278,270,0.296,0.37,0.666,7,26,78.8,0,1132,282,100,26,71,2,2,0.332,1.19,135.0,MAZ,
2022,679.0,Venados de Mazatlan,685736,Cristian Mejia,C,4,0,0,0,0,0,5,0,0,3,0,0.273,11,0.273,0.273,0.546,0,0,,0,42,11,3,0,3,0,0,0.5,0.0,,MAZ,
2022,679.0,Venados de Mazatlan,693408,Raico Santos,LF,10,14,3,1,0,0,4,2,0,9,1,0.273,33,0.316,0.303,0.619,1,1,50.0,0,132,39,10,4,12,1,2,0.29,1.56,,MAZ,
2022,679.0,Venados de Mazatlan,594020,Ricardo Valenzuela,C,43,37,12,7,0,2,22,14,2,35,0,0.259,135,0.325,0.356,0.681,0,0,,8,573,152,48,18,61,1,2,0.292,0.84,67.5,MAZ,
2022,679.0,Venados de Mazatlan,671246,Fabricio Macias,RF,60,64,24,14,3,1,50,12,0,55,3,0.252,218,0.298,0.358,0.656,5,7,58.3,3,884,237,78,17,88,2,2,0.32,1.21,218.0,MAZ,
2022,679.0,Venados de Mazatlan,554031,Jose Manuel Orozco,1B,22,16,8,1,1,3,21,7,0,15,1,0.25,60,0.338,0.45,0.788,3,1,25.0,1,304,68,27,6,24,0,0,0.333,2.0,20.0,MAZ,
2022,679.0,Venados de Mazatlan,499864,Luis Jimenez,3B,57,52,20,12,0,3,32,9,2,51,2,0.245,208,0.279,0.346,0.625,4,7,63.6,6,766,223,72,20,77,1,3,0.273,0.68,69.33,MAZ,
2022,679.0,Venados de Mazatlan,468368,Gabriel Gutierrez,C,30,21,5,5,0,1,18,15,0,19,2,0.241,79,0.375,0.342,0.717,1,1,50.0,3,405,96,27,8,28,0,0,0.3,1.0,79.0,MAZ,
2022,679.0,Venados de Mazatlan,667345,Miguel Gamboa,2B,5,3,0,0,0,0,5,1,0,2,0,0.222,9,0.3,0.222,0.522,0,0,,0,43,11,2,0,1,1,0,0.5,3.0,,MAZ,
2022,679.0,Venados de Mazatlan,591977,Felix Perez,DH,67,53,26,11,0,8,60,30,4,50,7,0.217,230,0.322,0.37,0.692,2,7,77.8,4,1118,270,85,33,91,0,3,0.255,0.76,28.75,MAZ,
2022,679.0,Venados de Mazatlan,593495,Daniel Castro,SS,50,60,17,2,2,0,20,14,0,33,2,0.213,155,0.287,0.252,0.539,1,8,88.9,3,703,174,39,9,66,3,0,0.244,1.33,,MAZ,
2022,679.0,Venados de Mazatlan,682761,Josuan Hernandez,1B,15,21,3,1,1,0,7,4,0,11,0,0.212,52,0.268,0.269,0.537,3,0,0.0,2,202,56,14,2,19,0,0,0.244,1.62,,MAZ,
2022,679.0,Venados de Mazatlan,540204,Ramon Rios,2B,40,43,5,5,1,1,14,6,2,31,1,0.209,148,0.244,0.277,0.521,1,0,0.0,3,488,157,41,12,40,1,1,0.224,0.69,148.0,MAZ,
2022,679.0,Venados de Mazatlan,634496,Leo German,RF,55,55,22,0,2,2,35,12,0,34,6,0.197,173,0.271,0.254,0.525,4,9,69.2,3,719,194,44,9,68,2,1,0.234,1.06,86.5,MAZ,
2022,679.0,Venados de Mazatlan,675970,Alex Robles,2B,27,28,4,1,0,0,4,8,0,11,4,0.19,58,0.329,0.207,0.536,0,1,100.0,2,277,73,12,7,26,3,0,0.204,1.56,,MAZ,
2022,679.0,Venados de Mazatlan,692798,Italo Motta,X,36,20,7,3,0,0,11,8,0,9,0,0.188,48,0.298,0.25,0.548,1,4,80.0,1,208,58,12,2,13,1,1,0.237,2.0,,MAZ,
2022,679.0,Venados de Mazatlan,668165,Jose Gaitan,X,31,8,5,2,0,0,5,1,0,5,1,0.179,28,0.233,0.25,0.483,1,1,50.0,1,116,32,7,0,15,2,0,0.217,0.67,,MAZ,
2022,679.0,Venados de Mazatlan,518402,Jose Alvarez,1B,42,32,9,3,0,3,25,2,0,19,3,0.171,111,0.203,0.279,0.482,2,1,33.3,4,441,119,31,15,57,1,2,0.188,0.84,37.0,MAZ,
2022,679.0,Venados de Mazatlan,477589,Miguel Torrero,3B,11,3,0,0,0,0,2,1,0,2,2,0.167,12,0.333,0.167,0.5,1,0,0.0,0,59,15,2,0,6,0,0,0.2,0.6,,MAZ,
2022,679.0,Venados de Mazatlan,634495,Gilberto Carrera,SS,3,0,0,0,0,0,0,0,0,0,1,0.0,0,1.0,0.0,1.0,0,0,,0,7,1,0,0,0,0,0,,,,MAZ,
2022,680.0,Yaquis de Obregon,682761,Josuan Hernandez,1B,14,19,11,2,0,0,7,11,1,15,1,0.294,51,0.429,0.333,0.762,1,2,66.7,0,259,64,17,5,16,1,0,0.341,1.73,,OBR,
2022,680.0,Yaquis de Obregon,628013,Victor Mendoza,DH,67,58,28,12,1,7,38,35,7,67,0,0.283,237,0.368,0.43,0.798,2,2,50.0,5,1082,277,102,50,104,0,5,0.305,0.73,33.86,OBR,
2022,680.0,Yaquis de Obregon,660436,Yadir Drake,1B,65,87,33,12,1,6,28,23,1,65,3,0.273,238,0.337,0.408,0.745,2,12,85.7,3,951,270,97,42,115,0,6,0.281,1.36,39.67,OBR,
2022,680.0,Yaquis de Obregon,666931,Jared Oliva,CF,18,25,7,2,1,0,14,2,0,19,1,0.268,71,0.293,0.324,0.617,2,6,75.0,1,277,75,23,4,24,0,1,0.328,1.79,,OBR,
2022,680.0,Yaquis de Obregon,692460,Taiki Sekine,CF,47,61,25,6,3,0,35,15,1,44,2,0.257,171,0.324,0.327,0.651,2,2,50.0,2,672,202,56,8,56,14,0,0.324,1.36,,OBR,
2022,680.0,Yaquis de Obregon,640447,Phillip Ervin,LF,43,29,29,11,0,2,35,30,0,36,0,0.252,143,0.379,0.371,0.75,1,4,80.0,4,714,174,53,18,56,0,1,0.318,0.66,71.5,OBR,
2022,680.0,Yaquis de Obregon,524648,Alejandro Gonzalez,LF,11,2,1,1,0,0,4,3,0,3,2,0.25,12,0.471,0.333,0.804,1,0,0.0,0,74,17,4,1,5,0,0,0.375,0.67,,OBR,
2022,680.0,Yaquis de Obregon,656172,Arel Campoy,2B,27,9,6,6,0,2,13,4,0,16,1,0.246,65,0.3,0.431,0.731,1,1,50.0,1,277,70,28,12,38,0,0,0.28,0.33,32.5,OBR,
2022,680.0,Yaquis de Obregon,642707,Allen Córdoba,3B,42,61,20,5,1,1,24,10,0,40,2,0.242,165,0.292,0.303,0.595,4,10,71.4,1,665,183,50,7,53,4,1,0.277,1.36,165.0,OBR,
2022,680.0,Yaquis de Obregon,602113,Jose Augusto Figueroa,LF,19,3,3,1,0,0,10,2,0,5,0,0.217,23,0.28,0.261,0.541,0,1,100.0,1,105,25,6,3,8,0,0,0.385,0.6,,OBR,
2022,680.0,Yaquis de Obregon,645848,Dariel Álvarez,RF,33,35,9,8,0,2,24,6,2,26,1,0.213,122,0.254,0.328,0.582,1,0,0.0,3,472,130,40,12,65,0,1,0.247,0.92,61.0,OBR,
2022,680.0,Yaquis de Obregon,650207,Yordanys Linares,CF,16,14,6,2,3,0,12,4,0,11,0,0.212,52,0.268,0.365,0.633,1,0,0.0,0,191,57,19,2,22,1,0,0.275,0.88,,OBR,
2022,680.0,Yaquis de Obregon,585251,Juan Carlos Gamboa,SS,60,46,22,9,0,0,57,26,4,40,0,0.208,192,0.295,0.255,0.55,2,5,71.4,3,958,229,49,19,66,5,6,0.284,0.77,,OBR,
2022,680.0,Yaquis de Obregon,661148,Carlos Sepulveda,2B,51,57,28,7,0,4,24,29,0,31,8,0.207,150,0.362,0.333,0.695,1,2,66.7,1,830,193,50,11,53,5,1,0.22,1.3,37.5,OBR,
2022,680.0,Yaquis de Obregon,516679,Sebastian Valle,C,60,29,24,12,0,8,64,16,3,43,1,0.206,209,0.262,0.378,0.64,1,3,75.0,1,910,231,79,31,96,2,3,0.25,0.37,26.12,OBR,
2022,680.0,Yaquis de Obregon,519434,Michael Wing,2B,17,10,4,1,0,1,22,4,1,10,0,0.196,51,0.255,0.275,0.53,0,0,,0,225,55,14,3,25,0,0,0.321,1.11,51.0,OBR,
2022,680.0,Yaquis de Obregon,614182,Jose Carlos Urena,DH,28,18,4,0,1,1,19,4,1,13,2,0.194,67,0.26,0.269,0.529,0,0,,5,276,73,18,2,35,0,0,0.255,1.06,67.0,OBR,
2022,680.0,Yaquis de Obregon,685771,Alfredo Hurtado,C,19,11,1,2,0,0,7,7,0,6,1,0.194,31,0.359,0.258,0.617,0,1,100.0,0,150,40,8,2,10,1,0,0.25,1.38,,OBR,
2022,680.0,Yaquis de Obregon,802888,Victor Marquez,X,19,9,2,0,0,0,7,0,0,5,0,0.192,26,0.192,0.192,0.384,0,0,,0,96,28,5,0,10,2,0,0.263,1.29,,OBR,
2022,680.0,Yaquis de Obregon,664215,Zach Nehrir,LF,7,8,3,1,0,0,7,2,0,5,0,0.185,27,0.233,0.222,0.455,3,0,0.0,0,113,30,6,2,10,0,1,0.238,1.0,,OBR,
2022,680.0,Yaquis de Obregon,553891,Leonardo Reginatto,3B,23,24,4,4,0,0,11,7,0,14,3,0.171,82,0.253,0.22,0.473,0,0,,0,355,97,18,8,39,2,3,0.189,0.63,,OBR,
2022,680.0,Yaquis de Obregon,692941,Hector Mora,SS,23,13,1,3,0,0,19,2,0,7,0,0.137,51,0.167,0.196,0.363,1,0,0.0,1,203,55,10,6,28,1,1,0.212,0.93,,OBR,
2022,680.0,Yaquis de Obregon,660839,Samuel Favela,X,1,0,0,0,0,0,1,0,0,0,0,0.0,1,0.0,0.0,0.0,0,0,,0,4,1,0,0,1,0,0,,,,OBR,
2022,5482.0,Algodoneros de Guasave,545150,Ramon R Ramirez,CF,49,48,18,14,0,3,28,9,1,45,3,0.3,150,0.35,0.453,0.803,4,0,0.0,3,630,168,68,17,55,5,1,0.35,1.37,50.0,GSV,
2022,5482.0,Algodoneros de Guasave,652669,Angel Erro,2B,43,54,14,7,0,1,19,11,0,37,8,0.27,137,0.359,0.343,0.702,2,2,50.0,5,600,158,47,11,49,2,0,0.308,1.86,137.0,GSV,
2022,5482.0,Algodoneros de Guasave,592312,Jorge Flores,SS,55,66,22,10,0,2,33,29,0,53,4,0.26,204,0.36,0.338,0.698,4,9,69.2,0,944,242,69,11,74,3,2,0.298,1.16,102.0,GSV,
2022,5482.0,Algodoneros de Guasave,643352,David Harris,RF,28,32,5,3,0,0,19,11,1,24,3,0.253,95,0.349,0.284,0.633,4,0,0.0,1,394,110,27,6,39,1,0,0.316,1.52,,GSV,
2022,5482.0,Algodoneros de Guasave,606019,Esteban Quiroz,2B,19,14,8,1,0,2,15,13,1,17,2,0.25,68,0.386,0.353,0.739,1,0,0.0,0,359,83,24,8,32,0,0,0.294,0.64,34.0,GSV,
2022,5482.0,Algodoneros de Guasave,477399,Jesse Castillo,1B,68,51,31,12,1,10,53,38,4,59,1,0.247,239,0.348,0.431,0.779,2,6,75.0,9,1146,282,103,35,109,0,4,0.272,0.64,23.9,GSV,
2022,5482.0,Algodoneros de Guasave,669315,Orlando Pina,3B,63,61,18,10,0,6,55,20,1,55,0,0.243,226,0.305,0.367,0.672,0,0,,4,1001,246,83,27,114,0,0,0.297,1.11,37.67,GSV,
2022,5482.0,Algodoneros de Guasave,554428,Alejandro Ortiz,LF,53,55,19,9,1,2,41,11,0,44,6,0.243,181,0.307,0.337,0.644,3,1,25.0,3,763,205,61,18,84,6,1,0.302,1.15,90.5,GSV,
2022,5482.0,Algodoneros de Guasave,591331,Alan Sanchez,X,19,11,0,2,0,0,9,1,1,8,1,0.235,34,0.278,0.294,0.572,0,0,,0,119,37,10,1,22,1,0,0.32,1.57,,GSV,
2022,5482.0,Algodoneros de Guasave,628326,Erisbel Arruebarrena,3B,24,22,11,2,1,0,32,7,0,22,2,0.234,94,0.295,0.277,0.572,0,0,,3,386,105,26,8,46,0,2,0.344,1.1,,GSV,
2022,5482.0,Algodoneros de Guasave,519345,Joey Terdoslavich,DH,15,9,5,4,0,1,8,14,0,11,1,0.234,47,0.419,0.383,0.802,0,0,,1,270,62,18,8,28,0,0,0.263,0.47,47.0,GSV,
2022,5482.0,Algodoneros de Guasave,664021,Ciro Norzagaray,2B,19,3,4,0,0,0,4,1,0,2,1,0.222,9,0.364,0.222,0.586,0,2,100.0,0,46,12,2,1,2,1,0,0.4,3.0,,GSV,
2022,5482.0,Algodoneros de Guasave,510548,Jose Heberto Felix,C,57,71,12,8,0,0,23,11,0,37,2,0.22,168,0.276,0.268,0.544,2,1,33.3,4,647,186,45,14,80,5,0,0.255,1.69,,GSV,
2022,5482.0,Algodoneros de Guasave,674504,Francisco Hernandez,CF,57,30,11,4,0,0,21,5,0,22,4,0.22,100,0.284,0.26,0.544,1,0,0.0,0,431,113,26,7,47,4,0,0.278,0.97,,GSV,
2022,5482.0,Algodoneros de Guasave,433636,Hector Hernandez,3B,42,23,5,2,1,0,13,1,0,15,0,0.208,72,0.219,0.264,0.483,0,0,,2,266,77,19,10,33,4,0,0.254,0.92,,GSV,
2022,5482.0,Algodoneros de Guasave,663524,Cornelius Randolph,RF,20,24,9,3,0,2,19,7,0,15,1,0.2,75,0.277,0.32,0.597,0,1,100.0,4,333,85,24,6,36,2,0,0.241,1.26,37.5,GSV,
2022,5482.0,Algodoneros de Guasave,674706,Alan Lopez,DH,47,36,11,3,1,0,28,23,0,17,2,0.181,94,0.353,0.234,0.587,6,1,14.3,1,502,123,22,7,40,4,0,0.258,2.12,,GSV,
2022,5482.0,Algodoneros de Guasave,585133,Arturo Rodriguez,C,26,21,2,0,0,0,12,6,1,10,0,0.167,60,0.242,0.167,0.409,0,0,,4,258,66,10,4,35,0,0,0.208,1.24,,GSV,
2022,5482.0,Algodoneros de Guasave,604996,Carlos Garzon,C,13,2,1,0,0,0,3,0,0,1,1,0.143,7,0.25,0.143,0.393,0,0,,0,27,8,1,0,3,0,0,0.25,2.0,,GSV,
2022,5482.0,Algodoneros de Guasave,664938,Josh Altmann,RF,13,9,3,1,0,0,18,7,0,5,1,0.132,38,0.277,0.158,0.435,0,0,,0,213,51,6,2,22,4,1,0.238,0.82,,GSV,
2022,5482.0,Algodoneros de Guasave,685694,Keven Lamas,2B,22,12,6,2,0,1,12,6,0,5,0,0.122,41,0.234,0.244,0.478,1,0,0.0,1,185,47,10,6,19,0,0,0.143,1.0,41.0,GSV,
2022,5482.0,Algodoneros de Guasave,527049,César Puello,CF,5,10,1,1,0,0,5,1,0,2,0,0.1,20,0.136,0.15,0.286,0,0,,0,109,22,3,1,15,0,1,0.125,2.5,,GSV,
2022,5482.0,Algodoneros de Guasave,805721,Justin Byrd,LF,11,10,3,1,0,0,10,6,0,3,3,0.083,36,0.267,0.111,0.378,1,0,0.0,1,183,46,4,2,17,1,0,0.115,0.71,,GSV,
2022,5482.0,Algodoneros de Guasave,672754,Luis Cossio,RF,2,0,0,0,0,0,0,0,0,0,0,0.0,0,0.0,0.0,0.0,0,0,,0,0,0,0,0,0,0,0,,,,GSV,
2022,5482.0,Algodoneros de Guasave,807581,Randy Delgado,X,3,0,0,0,0,0,2,0,0,0,0,0.0,2,0.0,0.0,0.0,0,0,,0,11,2,0,0,3,0,0,,,,GSV,
2022,5482.0,Algodoneros de Guasave,664125,Brandon Koch,P,38,0,0,0,0,0,0,0,0,0,0,0.0,0,0.0,0.0,0.0,0,0,,0,0,0,0,0,0,0,0,,,,GSV,
2022,5482.0,Algodoneros de Guasave,660840,Jose Lizarraga,C,6,5,1,0,0,0,1,1,0,0,0,0.0,10,0.091,0.0,0.091,0,0,,1,46,11,0,0,5,0,0,0.0,1.25,,GSV,
2022,5482.0,Algodoneros de Guasave,674505,Refugio Marin,P,4,0,0,0,0,0,0,0,0,0,0,0.0,0,0.0,0.0,0.0,0,0,,0,0,0,0,0,0,0,0,,,,GSV,
2022,5482.0,Algodoneros de Guasave,655212,Manuel Orduno,X,11,3,1,0,0,0,6,0,0,0,0,0.0,9,0.0,0.0,0.0,0,0,,0,42,11,0,0,6,2,0,0.0,1.5,,GSV,
2022,5483.0,Sultanes de Monterrey,672438,Roberto Valenzuela,SS,68,69,40,18,0,7,33,43,2,85,7,0.365,233,0.474,0.532,1.006,4,4,50.0,6,1175,290,124,31,83,5,2,0.4,1.3,33.29,MTY,
2022,5483.0,Sultanes de Monterrey,680771,Mateo Gil,3B,11,4,1,1,0,0,6,0,0,6,0,0.3,20,0.3,0.35,0.65,0,0,,0,74,20,7,2,8,0,0,0.429,1.0,,MTY,
2022,5483.0,Sultanes de Monterrey,549930,Alberto Carreon,2B,66,95,34,9,3,2,25,21,0,68,1,0.3,227,0.359,0.392,0.751,6,3,33.3,6,1005,268,89,24,76,17,2,0.327,1.64,113.5,MTY,
2022,5483.0,Sultanes de Monterrey,666728,Carlos Soto,C,42,20,10,6,0,1,20,11,1,26,2,0.292,89,0.379,0.393,0.772,0,0,,2,424,105,35,12,33,2,1,0.362,0.77,89.0,MTY,
2022,5483.0,Sultanes de Monterrey,594096,Gilberto Galaviz,C,50,57,10,5,0,0,19,12,1,43,2,0.291,148,0.348,0.324,0.672,0,0,,5,547,166,48,20,49,2,2,0.328,1.73,,MTY,
2022,5483.0,Sultanes de Monterrey,573627,Kennys Vargas,1B,20,14,15,1,0,4,19,16,0,20,1,0.29,69,0.43,0.478,0.908,0,0,,2,343,86,33,14,40,0,0,0.348,0.88,17.25,MTY,
2022,5483.0,Sultanes de Monterrey,616570,Daniel Sanchez,C,12,3,0,0,0,0,0,0,0,2,0,0.286,7,0.286,0.286,0.572,0,0,,1,22,8,2,0,4,1,0,0.286,1.0,,MTY,
2022,5483.0,Sultanes de Monterrey,661311,Brandon Villarreal,RF,38,42,18,4,2,0,19,11,0,34,2,0.286,119,0.356,0.353,0.709,3,4,57.1,1,523,134,42,10,43,2,0,0.34,1.62,,MTY,
2022,5483.0,Sultanes de Monterrey,666931,Jared Oliva,LF,27,27,16,8,1,1,21,14,0,26,3,0.271,96,0.381,0.406,0.787,3,8,72.7,1,463,116,39,6,39,3,0,0.338,1.08,96.0,MTY,
2022,5483.0,Sultanes de Monterrey,495664,Ricardo Serrano,3B,64,56,32,9,0,7,36,22,4,59,4,0.269,219,0.344,0.406,0.75,0,1,100.0,4,894,247,89,40,119,0,2,0.292,0.8,31.29,MTY,
2022,5483.0,Sultanes de Monterrey,624221,Carlos Figueroa,CF,63,94,28,8,2,0,22,17,0,53,2,0.247,215,0.305,0.302,0.607,0,4,100.0,5,879,241,65,12,88,5,2,0.272,1.77,,MTY,
2022,5483.0,Sultanes de Monterrey,659253,Aldo Flores,X,27,13,9,1,1,2,9,6,0,10,1,0.244,41,0.347,0.463,0.81,0,1,100.0,1,183,50,19,7,15,1,1,0.258,1.18,20.5,MTY,
2022,5483.0,Sultanes de Monterrey,543611,Danny Ortiz,RF,17,11,8,4,0,2,19,7,0,15,0,0.234,64,0.31,0.391,0.701,0,0,,3,295,71,25,4,32,0,0,0.302,0.58,32.0,MTY,
2022,5483.0,Sultanes de Monterrey,622047,Fernando Perez,DH,66,58,23,12,1,8,50,21,3,55,2,0.234,235,0.301,0.396,0.697,0,0,,8,980,259,93,42,144,0,1,0.264,0.79,29.38,MTY,
2022,5483.0,Sultanes de Monterrey,676632,Bligh Madris,LF,13,13,3,2,0,0,12,5,0,11,0,0.216,51,0.286,0.255,0.541,1,3,75.0,2,219,56,13,4,27,0,0,0.282,0.87,,MTY,
2022,5483.0,Sultanes de Monterrey,499926,Alex Liddi,1B,18,20,8,3,1,0,15,6,1,14,1,0.206,68,0.276,0.279,0.555,1,1,50.0,1,288,76,19,10,47,0,1,0.259,1.0,,MTY,
2022,5483.0,Sultanes de Monterrey,447638,Issmael Salas,DH,39,32,6,4,0,2,22,5,0,22,1,0.204,108,0.243,0.296,0.539,0,0,,2,411,115,32,7,50,0,1,0.235,0.97,54.0,MTY,
2022,5483.0,Sultanes de Monterrey,598724,Manuel Boscan,LF,6,9,1,1,0,0,4,3,0,4,0,0.2,20,0.304,0.25,0.554,0,0,,2,74,23,5,3,12,0,0,0.25,3.0,,MTY,
2022,5483.0,Sultanes de Monterrey,554031,Jose Manuel Orozco,X,20,3,0,1,0,0,15,3,0,5,0,0.179,28,0.258,0.214,0.472,0,0,,0,121,31,6,0,18,0,0,0.385,0.6,,MTY,
2022,5483.0,Sultanes de Monterrey,680643,Juan Mora,X,15,2,4,0,0,0,1,0,0,1,0,0.167,6,0.143,0.167,0.31,0,0,,0,29,7,1,3,6,0,1,0.167,0.67,,MTY,
2022,5483.0,Sultanes de Monterrey,676595,Jake Scheiner,LF,9,9,6,3,0,0,6,5,1,5,0,0.156,32,0.263,0.25,0.513,0,0,,0,148,38,8,3,15,0,1,0.185,0.69,,MTY,
2022,5483.0,Sultanes de Monterrey,800592,Lazaro Hernandez,LF,6,4,0,1,0,0,7,1,1,2,0,0.125,16,0.176,0.188,0.364,0,0,,0,61,17,3,2,11,0,0,0.222,1.33,,MTY,
2022,5483.0,Sultanes de Monterrey,661150,Andres Martin,X,36,21,10,1,0,1,6,5,0,5,0,0.119,42,0.208,0.214,0.422,2,4,66.7,2,192,50,9,3,20,2,1,0.111,1.62,42.0,MTY,
2022,5483.0,Sultanes de Monterrey,670084,Nick Heath,LF,9,11,2,1,0,0,10,4,0,3,0,0.1,30,0.206,0.133,0.339,1,0,0.0,2,135,36,4,0,19,2,0,0.15,1.38,,MTY,
2022,5483.0,Sultanes de Monterrey,602113,Jose Augusto Figueroa,RF,2,0,0,0,0,0,3,0,0,0,0,0.0,4,0.0,0.0,0.0,0,0,,0,12,4,0,0,5,0,0,0.0,0.0,,MTY,
2022,5483.0,Sultanes de Monterrey,805678,Joe Riley,P,32,0,0,0,0,0,0,0,0,0,0,0.0,0,0.0,0.0,0.0,0,0,,0,0,0,0,0,0,0,0,,,,MTY,
2022,,,499926,Alex Liddi,"1B,3B",24,22,8,4,1,0,24,6,1,16,1,0.184,87,0.242,0.253,0.495,2,1,,1,369,95,22,10,60,0,1,0.23,0.665,,2 Teams,11.0
2022,,,503429,Walter Ibarra,2B,39,40,11,3,2,0,37,16,1,25,0,0.181,138,0.263,0.232,0.495,3,0,,2,631,162,32,10,58,6,2,0.242,0.915,,2 Teams,20.0
2022,,,519434,Michael Wing,"1B,2B",31,24,9,3,0,1,27,12,1,23,0,0.225,102,0.307,0.284,0.591,0,0,,2,462,114,29,8,49,0,0,0.302,0.925,51.0,2 Teams,19.0
2022,,,524648,Alejandro Gonzalez,"LF,CF",20,6,3,2,0,1,10,12,0,10,5,0.263,38,0.491,0.395,0.886,2,0,,0,250,55,15,2,12,0,0,0.346,0.555,26.0,2 Teams,7.0
2022,,,553891,Leonardo Reginatto,3B,49,44,10,10,0,0,29,13,0,42,3,0.239,176,0.297,0.295,0.592,2,1,,2,747,198,52,16,64,3,3,0.278,0.6599999999999999,,2 Teams,32.0
2022,,,554031,Jose Manuel Orozco,"1B,X",42,19,8,2,1,3,36,10,0,20,1,0.227,88,0.313,0.375,0.688,3,1,,1,425,99,33,6,42,0,0,0.359,1.3,20.0,2 Teams,14.0
2022,,,594988,Scott Schebler,"LF,RF",38,32,13,3,0,1,40,13,2,32,5,0.23,139,0.311,0.273,0.5840000000000001,2,2,,1,631,161,38,17,64,0,4,0.302,0.685,107.0,2 Teams,28.0
2022,,,602113,Jose Augusto Figueroa,"LF,RF",21,3,3,1,0,0,13,2,0,5,0,0.185,27,0.241,0.222,0.46299999999999997,0,1,,1,117,29,6,3,13,0,0,0.192,0.3,,2 Teams,4.0
2022,,,608380,Drew Ward,1B,14,14,4,1,0,0,13,10,1,9,1,0.214,42,0.377,0.238,0.615,0,0,,0,232,53,10,1,16,0,0,0.256,2.5,,2 Teams,8.0
2022,,,608608,Carlos Munoz,1B,50,33,11,6,0,0,21,15,1,27,2,0.209,129,0.301,0.256,0.5569999999999999,0,1,,4,596,146,33,9,70,0,0,0.269,0.735,,2 Teams,21.0
2022,,,645848,Dariel Álvarez,RF,66,71,23,19,1,2,37,13,3,65,4,0.258,252,0.301,0.365,0.6659999999999999,2,2,,6,942,272,92,23,137,0,3,0.288,0.87,61.0,2 Teams,43.0
2022,,,650995,Norberto Obeso,"LF,RF",43,51,13,1,0,1,31,21,0,26,5,0.19,137,0.319,0.219,0.538,4,3,,2,650,165,30,5,60,2,0,0.237,1.56,95.0,2 Teams,24.0
2022,,,664215,Zach Nehrir,"LF,CF",51,34,29,6,0,1,51,23,0,44,2,0.244,180,0.332,0.294,0.626,5,9,,1,872,209,53,15,52,1,3,0.292,0.775,153.0,2 Teams,37.0
2022,,,666931,Jared Oliva,"LF,CF",45,52,23,10,2,1,35,16,0,45,4,0.269,167,0.346,0.371,0.717,5,14,,2,740,191,62,10,63,3,1,0.333,1.435,96.0,2 Teams,32.0
2022,,,672906,Lazaro Alonso,DH,26,19,9,2,0,3,29,16,0,18,0,0.228,79,0.354,0.367,0.721,2,0,,4,388,96,29,10,42,0,1,0.31,1.355,28.75,2 Teams,13.0
2022,,,681944,Dean Nevarez,"X,DH",14,10,2,0,0,1,14,4,0,8,0,0.2,40,0.273,0.275,0.548,0,0,,1,171,44,11,2,19,0,0,0.447,1.065,33.0,2 Teams,7.0
2022,,,682761,Josuan Hernandez,1B,62,83,29,13,1,1,29,26,1,61,4,0.275,222,0.358,0.356,0.714,6,6,,5,1017,256,79,19,89,2,2,0.303,1.61,119.0,2 Teams,46.0
2022,,,693408,Raico Santos,"LF,CF",22,28,11,3,0,0,7,8,0,22,2,0.278,79,0.348,0.316,0.6639999999999999,4,2,,0,318,95,25,8,33,3,3,0.292,1.15,,2 Teams,19.0
